,uid,votes_num
0,0_18,1
1,0_20,1
2,0_259,1
3,0_27,1
4,0_31,1
5,0_32,1
6,0_33,0
7,0_37,1
8,0_38,1
9,0_39,1
10,0_51,1
11,0_52,1
12,0_55,1
13,0_56,1
14,0_57,1
15,0_62,1
16,0_63,1
17,0_64,1
18,11_10,1
19,11_100,1
20,11_101,1
21,11_102,1
22,11_103,1
23,11_107,1
24,11_108,0
25,11_114,1
26,11_116,1
27,11_119,1
28,11_12,1
29,11_122,1
30,11_124,1
31,11_125,1
32,11_126,1
33,11_128,0
34,11_13,1
35,11_131,1
36,11_135,1
37,11_136,1
38,11_137,1
39,11_138,1
40,11_139,1
41,11_140,1
42,11_142,0
43,11_144,1
44,11_147,1
45,11_151,1
46,11_152,1
47,11_155,1
48,11_159,1
49,11_16,1
50,11_163,1
51,11_164,1
52,11_169,1
53,11_170,1
54,11_172,1
55,11_174,0
56,11_178,0
57,11_18,1
58,11_183,1
59,11_184,1
60,11_186,1
61,11_19,1
62,11_192,0
63,11_194,1
64,11_196,1
65,11_199,0
66,11_2,0
67,11_201,1
68,11_203,1
69,11_209,1
70,11_21,1
71,11_212,0
72,11_213,1
73,11_214,1
74,11_216,1
75,11_217,1
76,11_218,1
77,11_223,1
78,11_225,1
79,11_226,1
80,11_227,0
81,11_23,1
82,11_230,1
83,11_232,1
84,11_236,1
85,11_237,1
86,11_24,1
87,11_240,1
88,11_242,1
89,11_245,1
90,11_246,1
91,11_249,1
92,11_250,1
93,11_254,1
94,11_255,1
95,11_257,1
96,11_259,0
97,11_26,1
98,11_263,1
99,11_266,1
100,11_269,1
101,11_271,1
102,11_272,1
103,11_273,1
104,11_274,1
105,11_276,1
106,11_28,1
107,11_280,1
108,11_282,1
109,11_284,1
110,11_286,1
111,11_290,1
112,11_291,1
113,11_293,0
114,11_294,1
115,11_296,1
116,11_297,1
117,11_298,1
118,11_303,1
119,11_304,1
120,11_305,1
121,11_307,1
122,11_308,1
123,11_309,1
124,11_31,0
125,11_310,1
126,11_311,0
127,11_312,1
128,11_325,1
129,11_326,1
130,11_328,1
131,11_33,1
132,11_331,1
133,11_334,0
134,11_335,1
135,11_34,1
136,11_340,1
137,11_346,1
138,11_351,1
139,11_353,1
140,11_355,1
141,11_356,1
142,11_357,1
143,11_359,1
144,11_36,1
145,11_38,1
146,11_380,1
147,11_381,1
148,11_382,1
149,11_389,1
150,11_4,1
151,11_400,1
152,11_432,1
153,11_433,1
154,11_435,0
155,11_436,1
156,11_441,1
157,11_444,1
158,11_445,1
159,11_449,1
160,11_450,1
161,11_453,1
162,11_465,1
163,11_469,1
164,11_478,1
165,11_492,1
166,11_5,1
167,11_51,1
168,11_52,1
169,11_58,1
170,11_59,1
171,11_6,1
172,11_66,1
173,11_68,0
174,11_69,1
175,11_7,1
176,11_73,1
177,11_74,1
178,11_79,1
179,11_8,1
180,11_87,1
181,11_89,1
182,11_91,1
183,11_92,1
184,11_93,1
185,11_94,1
186,11_95,1
187,11_96,1
188,11_98,1
189,11_99,1
190,12_1,1
191,12_101,1
192,12_103,1
193,12_104,0
194,12_108,1
195,12_13,1
196,12_15,1
197,12_18,1
198,12_2,1
199,12_23,1
200,12_26,1
201,12_27,1
202,12_28,1
203,12_3,1
204,12_30,1
205,12_31,1
206,12_32,1
207,12_37,1
208,12_38,1
209,12_39,1
210,12_4,1
211,12_43,1
212,12_47,1
213,12_5,0
214,12_52,1
215,12_55,1
216,12_56,1
217,12_57,1
218,12_6,1
219,12_7,1
220,12_77,1
221,12_8,1
222,12_9,1
223,12_91,0
224,12_96,1
225,12_98,1
226,13_11,1
227,13_12,1
228,13_25,1
229,13_27,1
230,13_28,1
231,13_31,1
232,13_37,1
233,13_38,1
234,13_40,1
235,13_41,1
236,13_42,1
237,13_6,1
238,13_61,1
239,13_63,1
240,13_7,1
241,13_77,1
242,13_8,1
243,13_91,1
244,13_94,1
245,16_1,1
246,16_10,1
247,16_103,1
248,16_104,1
249,16_105,1
250,16_106,1
251,16_107,1
252,16_108,1
253,16_109,1
254,16_11,1
255,16_110,1
256,16_111,1
257,16_113,1
258,16_114,1
259,16_115,1
260,16_116,1
261,16_119,1
262,16_12,1
263,16_120,1
264,16_122,1
265,16_123,1
266,16_124,1
267,16_125,1
268,16_126,1
269,16_127,1
270,16_13,1
271,16_132,1
272,16_139,1
273,16_14,1
274,16_144,1
275,16_145,1
276,16_146,1
277,16_148,1
278,16_149,1
279,16_150,1
280,16_151,1
281,16_152,1
282,16_153,1
283,16_154,1
284,16_155,1
285,16_156,1
286,16_157,1
287,16_158,1
288,16_159,1
289,16_16,1
290,16_162,1
291,16_163,1
292,16_164,1
293,16_169,1
294,16_17,1
295,16_173,1
296,16_174,1
297,16_177,1
298,16_179,1
299,16_18,1
300,16_180,1
301,16_181,1
302,16_182,1
303,16_183,1
304,16_187,1
305,16_189,1
306,16_190,1
307,16_191,1
308,16_192,1
309,16_194,1
310,16_195,1
311,16_196,1
312,16_197,1
313,16_199,1
314,16_2,1
315,16_20,1
316,16_202,1
317,16_204,1
318,16_205,1
319,16_207,1
320,16_21,1
321,16_210,1
322,16_212,1
323,16_24,1
324,16_25,1
325,16_27,1
326,16_28,1
327,16_3,1
328,16_30,1
329,16_31,1
330,16_32,0
331,16_33,1
332,16_34,1
333,16_38,1
334,16_39,1
335,16_4,1
336,16_40,1
337,16_41,1
338,16_42,1
339,16_43,1
340,16_44,1
341,16_45,1
342,16_46,1
343,16_47,1
344,16_49,1
345,16_5,1
346,16_50,1
347,16_51,1
348,16_53,1
349,16_56,1
350,16_58,1
351,16_6,1
352,16_60,1
353,16_61,1
354,16_64,1
355,16_66,1
356,16_67,1
357,16_7,1
358,16_73,1
359,16_75,1
360,16_76,1
361,16_78,1
362,16_8,1
363,16_81,1
364,16_83,1
365,16_87,1
366,16_88,1
367,16_89,1
368,16_9,1
369,16_90,1
370,16_91,1
371,16_92,1
372,16_93,1
373,16_94,1
374,16_95,1
375,16_96,1
376,16_98,1
377,17_1,1
378,17_100,1
379,17_104,1
380,17_109,1
381,17_113,1
382,17_114,1
383,17_115,1
384,17_117,1
385,17_118,1
386,17_124,1
387,17_125,0
388,17_128,1
389,17_129,0
390,17_130,1
391,17_131,0
392,17_133,1
393,17_136,1
394,17_137,1
395,17_138,0
396,17_140,1
397,17_146,0
398,17_147,1
399,17_15,1
400,17_19,1
401,17_2,1
402,17_20,1
403,17_22,1
404,17_26,1
405,17_27,1
406,17_3,1
407,17_30,1
408,17_34,1
409,17_36,1
410,17_37,1
411,17_4,1
412,17_40,1
413,17_42,0
414,17_45,1
415,17_5,1
416,17_53,0
417,17_54,0
418,17_6,1
419,17_68,1
420,17_69,1
421,17_7,1
422,17_75,1
423,17_78,1
424,17_8,1
425,17_80,1
426,17_85,1
427,17_87,1
428,17_9,1
429,17_92,1
430,17_94,1
431,17_96,1
432,17_97,1
433,17_98,1
434,18_1,1
435,18_100,0
436,18_103,1
437,18_105,0
438,18_107,0
439,18_109,1
440,18_110,1
441,18_112,1
442,18_113,1
443,18_115,1
444,18_117,1
445,18_119,1
446,18_121,1
447,18_122,1
448,18_124,1
449,18_125,1
450,18_126,0
451,18_128,1
452,18_130,1
453,18_138,0
454,18_14,1
455,18_147,0
456,18_149,1
457,18_150,1
458,18_151,1
459,18_158,1
460,18_16,1
461,18_160,1
462,18_161,1
463,18_170,1
464,18_176,1
465,18_177,1
466,18_182,1
467,18_187,1
468,18_19,1
469,18_190,1
470,18_195,1
471,18_2,0
472,18_201,1
473,18_205,1
474,18_207,1
475,18_210,1
476,18_211,1
477,18_235,0
478,18_242,1
479,18_244,1
480,18_245,1
481,18_250,1
482,18_251,1
483,18_257,1
484,18_258,1
485,18_263,1
486,18_266,1
487,18_268,1
488,18_269,0
489,18_27,1
490,18_275,1
491,18_277,1
492,18_278,1
493,18_28,0
494,18_286,0
495,18_289,1
496,18_29,1
497,18_290,1
498,18_291,1
499,18_293,1
500,18_297,1
501,18_3,1
502,18_313,0
503,18_314,1
504,18_315,0
505,18_316,1
506,18_317,0
507,18_32,1
508,18_327,1
509,18_34,1
510,18_342,0
511,18_346,1
512,18_347,0
513,18_352,1
514,18_354,0
515,18_356,1
516,18_360,1
517,18_361,0
518,18_362,1
519,18_365,0
520,18_370,0
521,18_372,1
522,18_373,1
523,18_375,1
524,18_379,1
525,18_38,1
526,18_383,1
527,18_39,1
528,18_42,1
529,18_46,1
530,18_49,1
531,18_54,1
532,18_57,0
533,18_58,1
534,18_59,1
535,18_6,1
536,18_60,1
537,18_70,1
538,18_73,1
539,18_78,1
540,18_81,1
541,18_86,1
542,18_9,1
543,18_91,1
544,18_95,1
545,19_1,1
546,19_18,1
547,19_2,0
548,19_3,1
549,19_8,1
550,19_9,1
551,1_100,1
552,1_102,1
553,1_133,0
554,1_141,1
555,1_147,1
556,1_161,1
557,1_180,1
558,1_182,1
559,1_188,1
560,1_28,1
561,1_72,1
562,20_100,1
563,20_103,1
564,20_106,1
565,20_119,1
566,20_126,1
567,20_129,1
568,20_13,1
569,20_143,1
570,20_144,1
571,20_147,1
572,20_148,1
573,20_151,1
574,20_152,1
575,20_160,1
576,20_161,1
577,20_169,1
578,20_173,1
579,20_202,1
580,20_203,1
581,20_223,1
582,20_225,1
583,20_226,1
584,20_233,0
585,20_235,1
586,20_238,1
587,20_239,1
588,20_24,1
589,20_254,1
590,20_267,1
591,20_275,1
592,20_281,1
593,20_3,1
594,20_31,1
595,20_32,1
596,20_35,1
597,20_53,1
598,20_57,1
599,20_61,1
600,20_69,1
601,20_75,1
602,20_77,1
603,20_82,0
604,21_1,1
605,21_10,0
606,21_102,1
607,21_103,1
608,21_105,1
609,21_107,1
610,21_111,1
611,21_115,1
612,21_118,1
613,21_12,1
614,21_122,1
615,21_125,1
616,21_131,1
617,21_132,1
618,21_140,1
619,21_142,1
620,21_147,1
621,21_150,1
622,21_152,1
623,21_154,1
624,21_156,1
625,21_158,1
626,21_16,1
627,21_162,1
628,21_163,1
629,21_164,1
630,21_165,1
631,21_166,1
632,21_17,0
633,21_19,1
634,21_21,1
635,21_22,1
636,21_23,1
637,21_25,1
638,21_26,1
639,21_28,1
640,21_29,1
641,21_3,1
642,21_30,1
643,21_31,1
644,21_32,1
645,21_36,1
646,21_37,1
647,21_38,1
648,21_40,1
649,21_41,1
650,21_42,1
651,21_43,1
652,21_45,1
653,21_49,1
654,21_5,1
655,21_50,1
656,21_54,0
657,21_58,1
658,21_6,1
659,21_60,1
660,21_63,1
661,21_68,1
662,21_78,1
663,21_8,1
664,21_82,1
665,21_83,1
666,21_84,1
667,21_93,1
668,21_95,1
669,21_97,1
670,22_11,1
671,22_12,1
672,22_14,1
673,22_15,1
674,22_16,1
675,22_17,1
676,22_21,1
677,22_24,1
678,22_30,1
679,22_31,1
680,22_32,1
681,22_33,1
682,22_34,1
683,22_35,1
684,22_38,1
685,22_39,1
686,22_4,1
687,22_41,1
688,22_43,1
689,22_44,1
690,22_45,1
691,22_46,1
692,22_47,1
693,22_5,1
694,22_6,1
695,22_8,1
696,22_9,1
697,23_1,1
698,23_12,1
699,23_13,1
700,23_14,1
701,23_15,1
702,23_16,1
703,23_17,1
704,23_18,1
705,23_19,1
706,23_2,1
707,23_20,1
708,23_22,1
709,23_26,1
710,23_28,1
711,23_33,1
712,23_34,1
713,23_35,1
714,23_36,1
715,23_38,0
716,23_40,1
717,23_41,0
718,23_43,1
719,23_45,1
720,23_47,1
721,23_48,1
722,23_5,1
723,23_6,1
724,23_8,1
725,24_101,1
726,24_11,1
727,24_114,1
728,24_119,1
729,24_120,1
730,24_121,1
731,24_125,1
732,24_126,1
733,24_127,1
734,24_128,1
735,24_129,0
736,24_130,1
737,24_138,1
738,24_144,1
739,24_149,1
740,24_15,1
741,24_152,1
742,24_154,1
743,24_16,1
744,24_164,1
745,24_169,1
746,24_170,1
747,24_172,1
748,24_179,1
749,24_180,1
750,24_185,1
751,24_189,1
752,24_19,1
753,24_190,1
754,24_191,1
755,24_193,1
756,24_202,1
757,24_204,0
758,24_205,1
759,24_206,1
760,24_211,0
761,24_219,1
762,24_221,1
763,24_228,1
764,24_234,1
765,24_237,1
766,24_238,1
767,24_239,1
768,24_24,1
769,24_240,1
770,24_241,1
771,24_242,1
772,24_243,1
773,24_244,1
774,24_248,1
775,24_249,1
776,24_250,1
777,24_251,1
778,24_254,1
779,24_256,1
780,24_259,1
781,24_260,1
782,24_262,1
783,24_263,1
784,24_264,1
785,24_266,1
786,24_269,0
787,24_276,1
788,24_284,1
789,24_285,1
790,24_287,1
791,24_288,1
792,24_29,1
793,24_290,1
794,24_291,1
795,24_297,0
796,24_37,1
797,24_38,1
798,24_39,1
799,24_41,1
800,24_43,1
801,24_44,1
802,24_52,1
803,24_55,0
804,24_58,1
805,24_59,1
806,24_6,1
807,24_62,1
808,24_64,1
809,24_66,1
810,24_67,1
811,24_68,1
812,24_70,1
813,24_73,1
814,24_76,1
815,24_9,0
816,24_90,1
817,24_93,1
818,25_3,1
819,25_7,1
820,26_1,1
821,26_10,0
822,26_104,1
823,26_106,1
824,26_111,1
825,26_112,1
826,26_114,1
827,26_116,1
828,26_118,1
829,26_124,1
830,26_125,1
831,26_13,1
832,26_131,1
833,26_134,1
834,26_137,0
835,26_139,1
836,26_141,1
837,26_144,1
838,26_145,1
839,26_15,1
840,26_155,1
841,26_158,1
842,26_161,1
843,26_166,1
844,26_169,1
845,26_170,1
846,26_171,1
847,26_18,1
848,26_180,1
849,26_185,1
850,26_187,1
851,26_188,1
852,26_19,1
853,26_191,1
854,26_198,1
855,26_201,1
856,26_202,1
857,26_204,0
858,26_210,1
859,26_211,1
860,26_212,0
861,26_218,1
862,26_220,1
863,26_222,1
864,26_224,1
865,26_227,0
866,26_232,1
867,26_245,1
868,26_246,1
869,26_247,1
870,26_251,1
871,26_253,1
872,26_254,0
873,26_261,1
874,26_262,1
875,26_266,1
876,26_268,1
877,26_271,1
878,26_273,1
879,26_276,1
880,26_286,1
881,26_287,1
882,26_288,1
883,26_29,1
884,26_291,1
885,26_292,1
886,26_293,1
887,26_299,1
888,26_3,1
889,26_300,1
890,26_302,1
891,26_303,0
892,26_307,1
893,26_31,1
894,26_310,1
895,26_311,1
896,26_312,1
897,26_316,1
898,26_33,1
899,26_35,1
900,26_36,1
901,26_41,1
902,26_43,1
903,26_45,1
904,26_48,1
905,26_52,1
906,26_57,1
907,26_58,1
908,26_62,1
909,26_67,1
910,26_72,1
911,26_73,0
912,26_75,1
913,26_80,1
914,26_82,1
915,26_83,1
916,26_85,1
917,26_86,1
918,26_89,1
919,26_92,1
920,29_104,1
921,29_110,1
922,29_18,1
923,29_25,1
924,29_5,1
925,29_72,1
926,29_90,1
927,30_19,1
928,30_20,1
929,30_25,1
930,30_26,1
931,30_32,1
932,30_37,1
933,30_43,1
934,30_45,1
935,3_12,1
936,3_19,0
937,3_2,0
938,3_4,0
939,3_5,1
940,4_101,1
941,4_103,1
942,4_110,1
943,4_112,1
944,4_117,1
945,4_124,1
946,4_127,1
947,4_130,1
948,4_132,1
949,4_135,1
950,4_141,1
951,4_145,1
952,4_146,1
953,4_147,1
954,4_148,1
955,4_149,1
956,4_151,1
957,4_152,1
958,4_153,1
959,4_156,0
960,4_157,1
961,4_162,1
962,4_165,1
963,4_173,1
964,4_174,1
965,4_177,1
966,4_181,1
967,4_184,1
968,4_19,1
969,4_194,1
970,4_196,1
971,4_205,1
972,4_208,1
973,4_209,1
974,4_21,1
975,4_215,1
976,4_219,1
977,4_226,1
978,4_24,1
979,4_253,0
980,4_26,1
981,4_270,1
982,4_28,1
983,4_293,1
984,4_295,1
985,4_31,1
986,4_38,1
987,4_4,1
988,4_433,1
989,4_44,1
990,4_447,0
991,4_45,1
992,4_461,1
993,4_467,0
994,4_47,1
995,4_475,1
996,4_479,1
997,4_483,1
998,4_484,1
999,4_485,1
1000,4_487,1
1001,4_491,1
1002,4_492,1
1003,4_499,1
1004,4_500,1
1005,4_503,1
1006,4_51,1
1007,4_52,1
1008,4_55,1
1009,4_552,1
1010,4_556,1
1011,4_56,1
1012,4_561,1
1013,4_567,0
1014,4_57,1
1015,4_571,1
1016,4_574,1
1017,4_575,1
1018,4_58,1
1019,4_580,1
1020,4_581,1
1021,4_59,1
1022,4_594,1
1023,4_596,1
1024,4_608,1
1025,4_61,0
1026,4_613,1
1027,4_617,1
1028,4_621,1
1029,4_622,1
1030,4_624,1
1031,4_63,1
1032,4_631,1
1033,4_634,1
1034,4_637,0
1035,4_64,1
1036,4_657,1
1037,4_662,1
1038,4_663,0
1039,4_67,1
1040,4_681,1
1041,4_725,1
1042,4_73,1
1043,4_742,0
1044,4_743,1
1045,4_76,1
1046,4_764,0
1047,4_768,1
1048,4_775,1
1049,4_78,1
1050,4_819,1
1051,4_82,1
1052,4_825,1
1053,4_827,1
1054,4_839,1
1055,4_85,1
1056,4_850,0
1057,4_86,1
1058,4_864,1
1059,4_866,0
1060,4_871,1
1061,4_872,1
1062,4_873,1
1063,4_875,1
1064,4_90,1
1065,4_943,0
1066,4_949,1
1067,4_95,1
1068,4_956,0
1069,4_964,1
1070,4_966,1
1071,4_967,1
1072,4_969,0
1073,4_98,1
1074,6_1,1
1075,6_10,1
1076,6_101,1
1077,6_102,1
1078,6_103,1
1079,6_106,1
1080,6_11,1
1081,6_110,1
1082,6_112,1
1083,6_12,1
1084,6_122,1
1085,6_123,1
1086,6_126,1
1087,6_127,1
1088,6_128,1
1089,6_13,1
1090,6_135,1
1091,6_136,1
1092,6_137,1
1093,6_138,1
1094,6_139,1
1095,6_140,1
1096,6_143,1
1097,6_145,1
1098,6_147,1
1099,6_148,1
1100,6_149,1
1101,6_15,1
1102,6_151,1
1103,6_153,1
1104,6_155,1
1105,6_156,1
1106,6_159,1
1107,6_16,1
1108,6_160,1
1109,6_161,1
1110,6_162,0
1111,6_164,1
1112,6_165,1
1113,6_166,1
1114,6_167,1
1115,6_173,1
1116,6_174,1
1117,6_176,1
1118,6_178,1
1119,6_18,1
1120,6_182,1
1121,6_187,1
1122,6_189,1
1123,6_19,1
1124,6_191,1
1125,6_192,1
1126,6_201,1
1127,6_202,1
1128,6_207,1
1129,6_21,1
1130,6_210,1
1131,6_214,1
1132,6_219,1
1133,6_22,1
1134,6_220,1
1135,6_229,1
1136,6_23,1
1137,6_232,1
1138,6_237,1
1139,6_238,1
1140,6_239,1
1141,6_242,1
1142,6_243,0
1143,6_245,1
1144,6_246,1
1145,6_247,0
1146,6_248,1
1147,6_250,0
1148,6_257,1
1149,6_258,1
1150,6_259,1
1151,6_261,0
1152,6_264,1
1153,6_266,1
1154,6_267,1
1155,6_268,1
1156,6_270,1
1157,6_271,1
1158,6_272,1
1159,6_277,1
1160,6_352,1
1161,6_360,1
1162,6_376,1
1163,6_4,1
1164,6_402,1
1165,6_416,1
1166,6_417,1
1167,6_418,1
1168,6_42,1
1169,6_422,1
1170,6_424,1
1171,6_45,1
1172,6_46,1
1173,6_48,1
1174,6_49,1
1175,6_51,1
1176,6_52,0
1177,6_56,1
1178,6_57,0
1179,6_58,1
1180,6_59,1
1181,6_6,1
1182,6_60,1
1183,6_62,1
1184,6_65,1
1185,6_7,1
1186,6_71,1
1187,6_75,1
1188,6_78,1
1189,6_79,1
1190,6_8,1
1191,6_81,1
1192,6_87,1
1193,6_9,1
1194,6_92,1
1195,6_93,1
1196,6_95,1
1197,6_98,1
1198,8_101,0
1199,8_104,0
1200,8_109,1
1201,8_113,1
1202,8_117,1
1203,8_130,1
1204,8_132,1
1205,8_138,0
1206,8_144,0
1207,8_159,1
1208,8_160,0
1209,8_17,0
1210,8_211,1
1211,8_213,1
1212,8_230,0
1213,8_232,0
1214,8_236,1
1215,8_237,1
1216,8_42,1
1217,8_5,1
1218,8_81,1
1219,8_9,0
0,0_18_dec5,1
1,0_20_dec5,1
2,0_259_dec5,1
3,0_269_dec5,1
4,0_271_dec5,1
5,0_272_dec5,1
6,0_31_dec5,0
7,0_38_dec5,1
8,0_62_dec5,1
9,11_10_dec5,1
10,11_100_dec5,1
11,11_101_dec5,1
12,11_102_dec5,1
13,11_103_dec5,1
14,11_107_dec5,0
15,11_114_dec5,1
16,11_116_dec5,0
17,11_12_dec5,1
18,11_122_dec5,1
19,11_124_dec5,1
20,11_126_dec5,0
21,11_13_dec5,1
22,11_131_dec5,1
23,11_135_dec5,1
24,11_137_dec5,1
25,11_139_dec5,1
26,11_140_dec5,1
27,11_151_dec5,1
28,11_152_dec5,1
29,11_159_dec5,1
30,11_163_dec5,1
31,11_164_dec5,1
32,11_169_dec5,1
33,11_170_dec5,1
34,11_172_dec5,1
35,11_18_dec5,1
36,11_183_dec5,1
37,11_184_dec5,1
38,11_186_dec5,1
39,11_19_dec5,1
40,11_192_dec5,0
41,11_194_dec5,1
42,11_196_dec5,1
43,11_2_dec5,0
44,11_209_dec5,1
45,11_21_dec5,1
46,11_212_dec5,0
47,11_213_dec5,1
48,11_214_dec5,1
49,11_216_dec5,1
50,11_217_dec5,1
51,11_218_dec5,1
52,11_223_dec5,1
53,11_225_dec5,1
54,11_232_dec5,1
55,11_236_dec5,1
56,11_237_dec5,1
57,11_24_dec5,1
58,11_242_dec5,1
59,11_244_dec5,0
60,11_245_dec5,1
61,11_249_dec5,1
62,11_255_dec5,1
63,11_259_dec5,1
64,11_26_dec5,1
65,11_266_dec5,1
66,11_269_dec5,1
67,11_271_dec5,1
68,11_272_dec5,1
69,11_273_dec5,1
70,11_274_dec5,1
71,11_276_dec5,1
72,11_28_dec5,1
73,11_280_dec5,1
74,11_282_dec5,1
75,11_290_dec5,1
76,11_291_dec5,1
77,11_293_dec5,0
78,11_294_dec5,1
79,11_296_dec5,1
80,11_297_dec5,1
81,11_298_dec5,1
82,11_3_dec5,0
83,11_304_dec5,0
84,11_305_dec5,1
85,11_307_dec5,1
86,11_308_dec5,1
87,11_309_dec5,1
88,11_310_dec5,1
89,11_311_dec5,0
90,11_312_dec5,1
91,11_325_dec5,1
92,11_326_dec5,1
93,11_328_dec5,1
94,11_329_dec5,0
95,11_33_dec5,1
96,11_331_dec5,1
97,11_34_dec5,1
98,11_340_dec5,1
99,11_346_dec5,1
100,11_351_dec5,1
101,11_353_dec5,1
102,11_355_dec5,1
103,11_356_dec5,1
104,11_359_dec5,1
105,11_38_dec5,1
106,11_380_dec5,1
107,11_381_dec5,1
108,11_382_dec5,1
109,11_389_dec5,1
110,11_4_dec5,1
111,11_400_dec5,1
112,11_412_dec5,1
113,11_420_dec5,0
114,11_432_dec5,1
115,11_433_dec5,1
116,11_435_dec5,1
117,11_436_dec5,1
118,11_441_dec5,1
119,11_444_dec5,1
120,11_449_dec5,1
121,11_450_dec5,1
122,11_453_dec5,1
123,11_465_dec5,1
124,11_469_dec5,1
125,11_478_dec5,1
126,11_491_dec5,1
127,11_492_dec5,1
128,11_52_dec5,1
129,11_58_dec5,1
130,11_59_dec5,1
131,11_66_dec5,0
132,11_69_dec5,1
133,11_7_dec5,1
134,11_73_dec5,1
135,11_74_dec5,1
136,11_79_dec5,1
137,11_84_dec5,0
138,11_85_dec5,0
139,11_89_dec5,1
140,11_93_dec5,1
141,11_95_dec5,0
142,11_99_dec5,0
143,12_1_dec5,1
144,12_101_dec5,1
145,12_103_dec5,1
146,12_104_dec5,0
147,12_109_dec5,1
148,12_13_dec5,1
149,12_15_dec5,1
150,12_18_dec5,1
151,12_2_dec5,1
152,12_26_dec5,1
153,12_28_dec5,1
154,12_3_dec5,1
155,12_30_dec5,1
156,12_31_dec5,1
157,12_32_dec5,1
158,12_36_dec5,0
159,12_37_dec5,1
160,12_38_dec5,1
161,12_39_dec5,1
162,12_4_dec5,1
163,12_43_dec5,1
164,12_44_dec5,0
165,12_47_dec5,0
166,12_52_dec5,0
167,12_55_dec5,0
168,12_56_dec5,0
169,12_57_dec5,0
170,12_6_dec5,1
171,12_7_dec5,0
172,12_77_dec5,1
173,12_8_dec5,1
174,12_9_dec5,1
175,12_91_dec5,1
176,12_96_dec5,1
177,12_98_dec5,1
178,13_11_dec5,1
179,13_12_dec5,1
180,13_25_dec5,1
181,13_27_dec5,1
182,13_28_dec5,1
183,13_31_dec5,1
184,13_37_dec5,1
185,13_38_dec5,1
186,13_39_dec5,1
187,13_40_dec5,1
188,13_41_dec5,0
189,13_42_dec5,1
190,13_46_dec5,0
191,13_6_dec5,1
192,13_61_dec5,1
193,13_7_dec5,1
194,13_77_dec5,1
195,13_8_dec5,1
196,13_91_dec5,1
197,13_94_dec5,1
198,16_1_dec5,1
199,16_10_dec5,1
200,16_103_dec5,1
201,16_104_dec5,1
202,16_106_dec5,1
203,16_107_dec5,1
204,16_108_dec5,1
205,16_109_dec5,1
206,16_11_dec5,1
207,16_110_dec5,1
208,16_111_dec5,1
209,16_113_dec5,1
210,16_114_dec5,1
211,16_115_dec5,1
212,16_116_dec5,1
213,16_119_dec5,1
214,16_12_dec5,1
215,16_122_dec5,1
216,16_123_dec5,1
217,16_124_dec5,0
218,16_125_dec5,1
219,16_126_dec5,0
220,16_127_dec5,0
221,16_132_dec5,1
222,16_136_dec5,1
223,16_139_dec5,1
224,16_14_dec5,1
225,16_143_dec5,1
226,16_144_dec5,1
227,16_145_dec5,1
228,16_146_dec5,1
229,16_148_dec5,1
230,16_150_dec5,1
231,16_151_dec5,1
232,16_152_dec5,1
233,16_153_dec5,0
234,16_154_dec5,1
235,16_155_dec5,1
236,16_156_dec5,1
237,16_157_dec5,0
238,16_158_dec5,1
239,16_159_dec5,0
240,16_16_dec5,0
241,16_162_dec5,1
242,16_163_dec5,1
243,16_164_dec5,1
244,16_169_dec5,1
245,16_17_dec5,1
246,16_173_dec5,1
247,16_174_dec5,1
248,16_177_dec5,1
249,16_18_dec5,1
250,16_181_dec5,1
251,16_182_dec5,1
252,16_183_dec5,1
253,16_187_dec5,0
254,16_189_dec5,1
255,16_191_dec5,1
256,16_192_dec5,1
257,16_194_dec5,1
258,16_195_dec5,1
259,16_196_dec5,1
260,16_197_dec5,1
261,16_199_dec5,1
262,16_2_dec5,1
263,16_202_dec5,1
264,16_204_dec5,1
265,16_205_dec5,1
266,16_207_dec5,1
267,16_21_dec5,1
268,16_210_dec5,1
269,16_212_dec5,1
270,16_213_dec5,1
271,16_24_dec5,1
272,16_25_dec5,1
273,16_27_dec5,1
274,16_28_dec5,1
275,16_3_dec5,1
276,16_30_dec5,1
277,16_31_dec5,1
278,16_33_dec5,1
279,16_34_dec5,1
280,16_38_dec5,1
281,16_39_dec5,1
282,16_4_dec5,1
283,16_40_dec5,1
284,16_41_dec5,1
285,16_42_dec5,1
286,16_43_dec5,1
287,16_44_dec5,1
288,16_45_dec5,1
289,16_46_dec5,1
290,16_47_dec5,1
291,16_49_dec5,1
292,16_5_dec5,1
293,16_50_dec5,1
294,16_51_dec5,1
295,16_53_dec5,1
296,16_56_dec5,1
297,16_58_dec5,1
298,16_6_dec5,1
299,16_60_dec5,1
300,16_61_dec5,1
301,16_64_dec5,1
302,16_66_dec5,1
303,16_67_dec5,1
304,16_7_dec5,1
305,16_73_dec5,1
306,16_74_dec5,0
307,16_75_dec5,1
308,16_76_dec5,1
309,16_78_dec5,1
310,16_79_dec5,1
311,16_8_dec5,0
312,16_81_dec5,1
313,16_83_dec5,1
314,16_87_dec5,1
315,16_88_dec5,0
316,16_89_dec5,1
317,16_9_dec5,1
318,16_90_dec5,1
319,16_91_dec5,1
320,16_92_dec5,1
321,16_93_dec5,0
322,16_94_dec5,1
323,16_95_dec5,1
324,16_96_dec5,1
325,16_98_dec5,1
326,17_1_dec5,1
327,17_100_dec5,1
328,17_104_dec5,0
329,17_109_dec5,1
330,17_113_dec5,1
331,17_114_dec5,0
332,17_115_dec5,1
333,17_116_dec5,0
334,17_128_dec5,1
335,17_131_dec5,1
336,17_133_dec5,1
337,17_136_dec5,1
338,17_137_dec5,1
339,17_140_dec5,1
340,17_147_dec5,1
341,17_15_dec5,1
342,17_19_dec5,1
343,17_2_dec5,1
344,17_20_dec5,0
345,17_22_dec5,1
346,17_27_dec5,1
347,17_34_dec5,1
348,17_4_dec5,1
349,17_40_dec5,1
350,17_42_dec5,1
351,17_45_dec5,1
352,17_5_dec5,1
353,17_53_dec5,0
354,17_6_dec5,1
355,17_68_dec5,1
356,17_69_dec5,1
357,17_7_dec5,1
358,17_75_dec5,1
359,17_78_dec5,0
360,17_8_dec5,1
361,17_80_dec5,1
362,17_85_dec5,1
363,17_87_dec5,1
364,17_9_dec5,1
365,17_92_dec5,1
366,17_94_dec5,1
367,17_96_dec5,1
368,17_98_dec5,1
369,18_1_dec5,1
370,18_103_dec5,1
371,18_105_dec5,1
372,18_109_dec5,1
373,18_11_dec5,1
374,18_110_dec5,1
375,18_112_dec5,1
376,18_113_dec5,1
377,18_115_dec5,1
378,18_117_dec5,1
379,18_119_dec5,1
380,18_12_dec5,0
381,18_121_dec5,1
382,18_122_dec5,1
383,18_125_dec5,1
384,18_126_dec5,0
385,18_130_dec5,1
386,18_138_dec5,0
387,18_14_dec5,1
388,18_149_dec5,1
389,18_150_dec5,1
390,18_158_dec5,1
391,18_16_dec5,1
392,18_160_dec5,1
393,18_162_dec5,1
394,18_173_dec5,1
395,18_176_dec5,0
396,18_177_dec5,1
397,18_182_dec5,0
398,18_19_dec5,1
399,18_190_dec5,1
400,18_195_dec5,1
401,18_201_dec5,1
402,18_205_dec5,1
403,18_207_dec5,1
404,18_210_dec5,1
405,18_242_dec5,1
406,18_244_dec5,0
407,18_245_dec5,1
408,18_250_dec5,1
409,18_251_dec5,1
410,18_257_dec5,1
411,18_258_dec5,1
412,18_263_dec5,1
413,18_266_dec5,1
414,18_275_dec5,0
415,18_277_dec5,1
416,18_278_dec5,1
417,18_28_dec5,0
418,18_29_dec5,1
419,18_290_dec5,1
420,18_293_dec5,1
421,18_297_dec5,1
422,18_3_dec5,1
423,18_313_dec5,1
424,18_314_dec5,1
425,18_315_dec5,0
426,18_316_dec5,1
427,18_317_dec5,0
428,18_32_dec5,1
429,18_327_dec5,1
430,18_328_dec5,1
431,18_34_dec5,1
432,18_340_dec5,0
433,18_342_dec5,1
434,18_346_dec5,1
435,18_349_dec5,0
436,18_356_dec5,1
437,18_360_dec5,1
438,18_372_dec5,1
439,18_373_dec5,1
440,18_375_dec5,1
441,18_376_dec5,1
442,18_379_dec5,0
443,18_38_dec5,1
444,18_39_dec5,1
445,18_42_dec5,1
446,18_49_dec5,1
447,18_54_dec5,1
448,18_58_dec5,1
449,18_59_dec5,1
450,18_6_dec5,1
451,18_60_dec5,0
452,18_70_dec5,1
453,18_71_dec5,1
454,18_73_dec5,0
455,18_86_dec5,1
456,18_9_dec5,1
457,19_1_dec5,1
458,19_3_dec5,1
459,19_79_dec5,0
460,19_8_dec5,1
461,19_9_dec5,1
462,20_103_dec5,0
463,20_126_dec5,0
464,20_129_dec5,1
465,20_13_dec5,1
466,20_14_dec5,1
467,20_143_dec5,1
468,20_144_dec5,1
469,20_147_dec5,1
470,20_148_dec5,1
471,20_151_dec5,1
472,20_152_dec5,0
473,20_160_dec5,0
474,20_161_dec5,0
475,20_165_dec5,1
476,20_173_dec5,1
477,20_175_dec5,1
478,20_191_dec5,0
479,20_202_dec5,0
480,20_203_dec5,1
481,20_209_dec5,1
482,20_223_dec5,1
483,20_225_dec5,1
484,20_236_dec5,1
485,20_238_dec5,1
486,20_244_dec5,1
487,20_254_dec5,1
488,20_267_dec5,1
489,20_275_dec5,1
490,20_281_dec5,1
491,20_3_dec5,1
492,20_30_dec5,0
493,20_31_dec5,1
494,20_32_dec5,1
495,20_320_dec5,1
496,20_324_dec5,1
497,20_35_dec5,1
498,20_53_dec5,1
499,20_57_dec5,1
500,20_61_dec5,1
501,20_66_dec5,1
502,20_69_dec5,1
503,20_7_dec5,1
504,20_75_dec5,1
505,20_77_dec5,1
506,21_1_dec5,1
507,21_102_dec5,1
508,21_103_dec5,1
509,21_105_dec5,1
510,21_107_dec5,1
511,21_111_dec5,0
512,21_118_dec5,1
513,21_12_dec5,1
514,21_122_dec5,1
515,21_125_dec5,0
516,21_132_dec5,1
517,21_140_dec5,1
518,21_142_dec5,1
519,21_147_dec5,1
520,21_150_dec5,1
521,21_152_dec5,1
522,21_154_dec5,1
523,21_156_dec5,1
524,21_158_dec5,0
525,21_16_dec5,1
526,21_162_dec5,0
527,21_163_dec5,1
528,21_165_dec5,1
529,21_22_dec5,0
530,21_23_dec5,1
531,21_26_dec5,1
532,21_28_dec5,1
533,21_29_dec5,1
534,21_3_dec5,1
535,21_30_dec5,0
536,21_31_dec5,1
537,21_32_dec5,1
538,21_38_dec5,1
539,21_40_dec5,1
540,21_41_dec5,1
541,21_43_dec5,1
542,21_45_dec5,1
543,21_49_dec5,1
544,21_5_dec5,1
545,21_50_dec5,1
546,21_6_dec5,1
547,21_63_dec5,1
548,21_68_dec5,1
549,21_8_dec5,1
550,21_82_dec5,1
551,21_83_dec5,1
552,21_84_dec5,1
553,21_87_dec5,1
554,21_93_dec5,0
555,21_95_dec5,1
556,21_97_dec5,1
557,22_11_dec5,1
558,22_12_dec5,1
559,22_14_dec5,1
560,22_15_dec5,1
561,22_16_dec5,1
562,22_21_dec5,1
563,22_24_dec5,1
564,22_30_dec5,1
565,22_31_dec5,1
566,22_33_dec5,1
567,22_34_dec5,1
568,22_35_dec5,1
569,22_38_dec5,1
570,22_39_dec5,1
571,22_4_dec5,1
572,22_41_dec5,1
573,22_43_dec5,1
574,22_44_dec5,1
575,22_45_dec5,0
576,22_46_dec5,1
577,22_47_dec5,1
578,22_5_dec5,1
579,22_50_dec5,1
580,22_6_dec5,1
581,22_8_dec5,1
582,22_9_dec5,1
583,23_1_dec5,1
584,23_12_dec5,1
585,23_14_dec5,1
586,23_15_dec5,0
587,23_16_dec5,1
588,23_17_dec5,1
589,23_18_dec5,1
590,23_19_dec5,1
591,23_2_dec5,1
592,23_20_dec5,1
593,23_22_dec5,0
594,23_26_dec5,1
595,23_28_dec5,1
596,23_34_dec5,0
597,23_35_dec5,1
598,23_36_dec5,1
599,23_40_dec5,1
600,23_43_dec5,1
601,23_45_dec5,0
602,23_47_dec5,1
603,23_48_dec5,1
604,23_5_dec5,1
605,23_6_dec5,1
606,23_8_dec5,0
607,24_101_dec5,0
608,24_105_dec5,1
609,24_116_dec5,1
610,24_120_dec5,1
611,24_121_dec5,1
612,24_125_dec5,1
613,24_126_dec5,1
614,24_127_dec5,1
615,24_128_dec5,1
616,24_129_dec5,0
617,24_130_dec5,1
618,24_144_dec5,1
619,24_149_dec5,1
620,24_151_dec5,1
621,24_152_dec5,1
622,24_154_dec5,1
623,24_164_dec5,1
624,24_169_dec5,0
625,24_170_dec5,1
626,24_172_dec5,1
627,24_180_dec5,1
628,24_185_dec5,1
629,24_189_dec5,1
630,24_190_dec5,1
631,24_191_dec5,1
632,24_193_dec5,1
633,24_202_dec5,1
634,24_219_dec5,1
635,24_220_dec5,0
636,24_221_dec5,1
637,24_237_dec5,1
638,24_238_dec5,1
639,24_240_dec5,1
640,24_241_dec5,1
641,24_242_dec5,1
642,24_243_dec5,0
643,24_248_dec5,1
644,24_249_dec5,1
645,24_250_dec5,1
646,24_256_dec5,1
647,24_259_dec5,1
648,24_260_dec5,1
649,24_263_dec5,1
650,24_264_dec5,1
651,24_269_dec5,0
652,24_276_dec5,1
653,24_284_dec5,1
654,24_29_dec5,1
655,24_291_dec5,1
656,24_297_dec5,0
657,24_38_dec5,1
658,24_39_dec5,1
659,24_41_dec5,1
660,24_43_dec5,1
661,24_52_dec5,1
662,24_59_dec5,1
663,24_6_dec5,1
664,24_62_dec5,1
665,24_66_dec5,1
666,24_67_dec5,1
667,24_68_dec5,0
668,24_70_dec5,1
669,24_90_dec5,1
670,26_104_dec5,1
671,26_106_dec5,1
672,26_109_dec5,1
673,26_111_dec5,0
674,26_112_dec5,1
675,26_114_dec5,1
676,26_116_dec5,1
677,26_118_dec5,0
678,26_124_dec5,1
679,26_125_dec5,1
680,26_13_dec5,1
681,26_131_dec5,1
682,26_134_dec5,1
683,26_139_dec5,1
684,26_141_dec5,1
685,26_144_dec5,1
686,26_145_dec5,1
687,26_155_dec5,1
688,26_158_dec5,1
689,26_161_dec5,1
690,26_166_dec5,1
691,26_169_dec5,1
692,26_170_dec5,1
693,26_171_dec5,1
694,26_172_dec5,1
695,26_18_dec5,1
696,26_180_dec5,1
697,26_185_dec5,1
698,26_187_dec5,1
699,26_188_dec5,1
700,26_19_dec5,1
701,26_198_dec5,1
702,26_201_dec5,1
703,26_202_dec5,1
704,26_204_dec5,1
705,26_210_dec5,1
706,26_211_dec5,1
707,26_22_dec5,0
708,26_222_dec5,1
709,26_224_dec5,1
710,26_232_dec5,1
711,26_245_dec5,1
712,26_246_dec5,1
713,26_247_dec5,1
714,26_251_dec5,1
715,26_253_dec5,1
716,26_261_dec5,1
717,26_262_dec5,1
718,26_266_dec5,1
719,26_267_dec5,1
720,26_268_dec5,1
721,26_271_dec5,1
722,26_273_dec5,1
723,26_276_dec5,1
724,26_286_dec5,1
725,26_287_dec5,1
726,26_288_dec5,1
727,26_29_dec5,1
728,26_291_dec5,1
729,26_292_dec5,1
730,26_293_dec5,1
731,26_299_dec5,1
732,26_3_dec5,1
733,26_300_dec5,1
734,26_302_dec5,1
735,26_307_dec5,1
736,26_31_dec5,0
737,26_310_dec5,1
738,26_311_dec5,1
739,26_312_dec5,1
740,26_315_dec5,0
741,26_316_dec5,1
742,26_33_dec5,1
743,26_35_dec5,1
744,26_36_dec5,1
745,26_41_dec5,1
746,26_43_dec5,1
747,26_45_dec5,1
748,26_48_dec5,1
749,26_52_dec5,1
750,26_57_dec5,1
751,26_58_dec5,1
752,26_6_dec5,0
753,26_62_dec5,1
754,26_67_dec5,1
755,26_72_dec5,1
756,26_75_dec5,1
757,26_80_dec5,1
758,26_82_dec5,1
759,26_83_dec5,1
760,26_85_dec5,1
761,26_86_dec5,0
762,26_89_dec5,1
763,26_92_dec5,1
764,29_104_dec5,1
765,29_107_dec5,1
766,29_110_dec5,1
767,29_12_dec5,0
768,29_18_dec5,0
769,29_25_dec5,1
770,29_26_dec5,1
771,29_35_dec5,1
772,29_5_dec5,1
773,29_52_dec5,1
774,29_58_dec5,1
775,29_59_dec5,0
776,29_66_dec5,1
777,29_69_dec5,1
778,29_72_dec5,1
779,29_90_dec5,1
780,29_96_dec5,1
781,30_10_dec5,1
782,30_11_dec5,1
783,30_15_dec5,1
784,30_19_dec5,0
785,30_20_dec5,1
786,30_22_dec5,1
787,30_25_dec5,1
788,30_26_dec5,1
789,30_3_dec5,0
790,30_32_dec5,1
791,30_35_dec5,1
792,30_37_dec5,0
793,30_43_dec5,1
794,31_1_dec5,1
795,31_109_dec5,1
796,31_116_dec5,1
797,31_121_dec5,1
798,31_124_dec5,1
799,31_129_dec5,1
800,31_135_dec5,1
801,31_139_dec5,1
802,31_142_dec5,1
803,31_146_dec5,1
804,31_149_dec5,1
805,31_150_dec5,1
806,31_155_dec5,1
807,31_158_dec5,1
808,31_168_dec5,1
809,31_170_dec5,1
810,31_182_dec5,1
811,31_187_dec5,1
812,31_190_dec5,1
813,31_191_dec5,1
814,31_2_dec5,1
815,31_44_dec5,1
816,31_53_dec5,1
817,31_80_dec5,1
818,31_86_dec5,1
819,31_90_dec5,1
820,31_92_dec5,1
821,31_94_dec5,1
822,31_99_dec5,1
823,3_19_dec5,1
824,3_2_dec5,0
825,3_4_dec5,1
826,3_5_dec5,0
827,4_101_dec5,1
828,4_103_dec5,0
829,4_110_dec5,1
830,4_112_dec5,1
831,4_117_dec5,1
832,4_124_dec5,1
833,4_127_dec5,1
834,4_130_dec5,1
835,4_132_dec5,1
836,4_135_dec5,0
837,4_141_dec5,1
838,4_145_dec5,1
839,4_146_dec5,1
840,4_147_dec5,1
841,4_148_dec5,1
842,4_149_dec5,0
843,4_151_dec5,1
844,4_153_dec5,1
845,4_157_dec5,1
846,4_162_dec5,1
847,4_165_dec5,1
848,4_174_dec5,1
849,4_177_dec5,1
850,4_181_dec5,1
851,4_184_dec5,1
852,4_19_dec5,1
853,4_194_dec5,1
854,4_196_dec5,1
855,4_204_dec5,1
856,4_205_dec5,1
857,4_208_dec5,1
858,4_209_dec5,1
859,4_21_dec5,1
860,4_219_dec5,1
861,4_24_dec5,1
862,4_26_dec5,0
863,4_270_dec5,0
864,4_28_dec5,1
865,4_293_dec5,1
866,4_295_dec5,1
867,4_31_dec5,1
868,4_38_dec5,1
869,4_4_dec5,1
870,4_433_dec5,0
871,4_44_dec5,1
872,4_45_dec5,1
873,4_461_dec5,1
874,4_467_dec5,0
875,4_47_dec5,1
876,4_475_dec5,1
877,4_479_dec5,1
878,4_483_dec5,1
879,4_484_dec5,1
880,4_485_dec5,1
881,4_491_dec5,1
882,4_492_dec5,1
883,4_499_dec5,1
884,4_500_dec5,1
885,4_503_dec5,1
886,4_51_dec5,1
887,4_52_dec5,1
888,4_552_dec5,1
889,4_56_dec5,1
890,4_561_dec5,1
891,4_57_dec5,1
892,4_570_dec5,0
893,4_571_dec5,1
894,4_574_dec5,1
895,4_58_dec5,1
896,4_580_dec5,0
897,4_581_dec5,1
898,4_594_dec5,1
899,4_596_dec5,1
900,4_608_dec5,1
901,4_613_dec5,1
902,4_617_dec5,1
903,4_621_dec5,1
904,4_622_dec5,1
905,4_624_dec5,1
906,4_63_dec5,1
907,4_631_dec5,1
908,4_634_dec5,1
909,4_64_dec5,1
910,4_657_dec5,1
911,4_662_dec5,1
912,4_663_dec5,1
913,4_665_dec5,1
914,4_666_dec5,1
915,4_67_dec5,1
916,4_681_dec5,1
917,4_725_dec5,1
918,4_73_dec5,1
919,4_76_dec5,0
920,4_768_dec5,1
921,4_775_dec5,1
922,4_78_dec5,1
923,4_819_dec5,1
924,4_82_dec5,1
925,4_825_dec5,1
926,4_827_dec5,1
927,4_839_dec5,1
928,4_85_dec5,1
929,4_850_dec5,1
930,4_86_dec5,1
931,4_862_dec5,1
932,4_864_dec5,1
933,4_871_dec5,1
934,4_872_dec5,1
935,4_873_dec5,1
936,4_875_dec5,1
937,4_90_dec5,1
938,4_949_dec5,1
939,4_956_dec5,1
940,4_962_dec5,1
941,4_964_dec5,1
942,4_966_dec5,0
943,4_967_dec5,0
944,4_98_dec5,1
945,4_996_dec5,1
946,6_1_dec5,1
947,6_10_dec5,1
948,6_101_dec5,1
949,6_102_dec5,1
950,6_103_dec5,1
951,6_106_dec5,1
952,6_11_dec5,0
953,6_12_dec5,1
954,6_121_dec5,0
955,6_122_dec5,1
956,6_123_dec5,1
957,6_126_dec5,1
958,6_127_dec5,1
959,6_128_dec5,1
960,6_13_dec5,1
961,6_135_dec5,1
962,6_136_dec5,1
963,6_139_dec5,0
964,6_140_dec5,0
965,6_143_dec5,0
966,6_145_dec5,0
967,6_147_dec5,1
968,6_148_dec5,1
969,6_149_dec5,1
970,6_15_dec5,1
971,6_151_dec5,1
972,6_153_dec5,1
973,6_154_dec5,0
974,6_156_dec5,1
975,6_159_dec5,1
976,6_16_dec5,1
977,6_160_dec5,1
978,6_161_dec5,1
979,6_162_dec5,1
980,6_165_dec5,1
981,6_166_dec5,1
982,6_167_dec5,1
983,6_171_dec5,1
984,6_173_dec5,1
985,6_174_dec5,1
986,6_176_dec5,1
987,6_178_dec5,1
988,6_18_dec5,1
989,6_182_dec5,1
990,6_187_dec5,1
991,6_189_dec5,1
992,6_19_dec5,1
993,6_191_dec5,1
994,6_201_dec5,1
995,6_202_dec5,1
996,6_207_dec5,1
997,6_21_dec5,1
998,6_210_dec5,1
999,6_214_dec5,1
1000,6_219_dec5,1
1001,6_22_dec5,1
1002,6_223_dec5,1
1003,6_229_dec5,1
1004,6_23_dec5,1
1005,6_232_dec5,1
1006,6_237_dec5,1
1007,6_239_dec5,1
1008,6_242_dec5,1
1009,6_243_dec5,0
1010,6_245_dec5,1
1011,6_246_dec5,1
1012,6_247_dec5,0
1013,6_248_dec5,1
1014,6_250_dec5,1
1015,6_257_dec5,1
1016,6_258_dec5,1
1017,6_261_dec5,1
1018,6_264_dec5,1
1019,6_267_dec5,0
1020,6_268_dec5,1
1021,6_270_dec5,1
1022,6_271_dec5,1
1023,6_272_dec5,1
1024,6_277_dec5,1
1025,6_352_dec5,1
1026,6_360_dec5,1
1027,6_376_dec5,1
1028,6_4_dec5,1
1029,6_402_dec5,1
1030,6_416_dec5,1
1031,6_417_dec5,1
1032,6_418_dec5,1
1033,6_42_dec5,1
1034,6_422_dec5,1
1035,6_424_dec5,1
1036,6_45_dec5,1
1037,6_46_dec5,1
1038,6_48_dec5,1
1039,6_49_dec5,1
1040,6_51_dec5,1
1041,6_52_dec5,0
1042,6_56_dec5,1
1043,6_57_dec5,1
1044,6_58_dec5,1
1045,6_59_dec5,1
1046,6_6_dec5,1
1047,6_60_dec5,1
1048,6_62_dec5,1
1049,6_65_dec5,1
1050,6_7_dec5,1
1051,6_71_dec5,1
1052,6_75_dec5,1
1053,6_78_dec5,1
1054,6_79_dec5,1
1055,6_8_dec5,1
1056,6_81_dec5,1
1057,6_87_dec5,1
1058,6_9_dec5,1
1059,6_92_dec5,1
1060,6_94_dec5,1
1061,6_95_dec5,1
0,0_18_dec19,1
1,0_21_dec19,0
2,0_259_dec19,1
3,0_26_dec19,0
4,0_269_dec19,0
5,0_271_dec19,0
6,0_272_dec19,1
7,0_38_dec19,1
8,0_40_dec19,1
9,0_42_dec19,0
10,0_60_dec19,0
11,0_62_dec19,1
12,11_100_dec19,1
13,11_101_dec19,1
14,11_102_dec19,1
15,11_103_dec19,1
16,11_105_dec19,1
17,11_107_dec19,1
18,11_114_dec19,0
19,11_116_dec19,1
20,11_12_dec19,0
21,11_124_dec19,1
22,11_126_dec19,1
23,11_13_dec19,0
24,11_135_dec19,1
25,11_137_dec19,1
26,11_139_dec19,1
27,11_140_dec19,1
28,11_152_dec19,1
29,11_159_dec19,1
30,11_163_dec19,1
31,11_164_dec19,1
32,11_169_dec19,1
33,11_170_dec19,1
34,11_172_dec19,1
35,11_18_dec19,1
36,11_183_dec19,1
37,11_184_dec19,1
38,11_186_dec19,0
39,11_19_dec19,0
40,11_194_dec19,1
41,11_196_dec19,1
42,11_209_dec19,1
43,11_21_dec19,0
44,11_213_dec19,1
45,11_214_dec19,1
46,11_216_dec19,1
47,11_217_dec19,1
48,11_218_dec19,1
49,11_225_dec19,1
50,11_232_dec19,1
51,11_236_dec19,1
52,11_237_dec19,1
53,11_24_dec19,1
54,11_240_dec19,0
55,11_242_dec19,1
56,11_244_dec19,0
57,11_245_dec19,1
58,11_246_dec19,1
59,11_254_dec19,0
60,11_255_dec19,1
61,11_256_dec19,1
62,11_259_dec19,1
63,11_26_dec19,1
64,11_262_dec19,1
65,11_266_dec19,1
66,11_268_dec19,0
67,11_269_dec19,1
68,11_271_dec19,1
69,11_272_dec19,1
70,11_273_dec19,1
71,11_274_dec19,1
72,11_276_dec19,1
73,11_28_dec19,1
74,11_280_dec19,1
75,11_282_dec19,1
76,11_290_dec19,0
77,11_291_dec19,1
78,11_296_dec19,1
79,11_297_dec19,1
80,11_298_dec19,1
81,11_305_dec19,1
82,11_307_dec19,0
83,11_308_dec19,1
84,11_309_dec19,1
85,11_310_dec19,1
86,11_312_dec19,1
87,11_325_dec19,0
88,11_326_dec19,1
89,11_328_dec19,1
90,11_33_dec19,1
91,11_331_dec19,0
92,11_34_dec19,1
93,11_340_dec19,1
94,11_346_dec19,1
95,11_351_dec19,1
96,11_353_dec19,1
97,11_355_dec19,1
98,11_356_dec19,1
99,11_359_dec19,1
100,11_36_dec19,1
101,11_380_dec19,1
102,11_381_dec19,1
103,11_382_dec19,1
104,11_389_dec19,1
105,11_4_dec19,1
106,11_400_dec19,1
107,11_412_dec19,1
108,11_420_dec19,1
109,11_432_dec19,1
110,11_433_dec19,1
111,11_435_dec19,0
112,11_436_dec19,1
113,11_441_dec19,1
114,11_444_dec19,1
115,11_445_dec19,0
116,11_449_dec19,1
117,11_453_dec19,1
118,11_465_dec19,1
119,11_469_dec19,1
120,11_478_dec19,0
121,11_485_dec19,1
122,11_491_dec19,1
123,11_492_dec19,1
124,11_58_dec19,1
125,11_59_dec19,1
126,11_69_dec19,1
127,11_7_dec19,1
128,11_74_dec19,1
129,11_79_dec19,1
130,11_89_dec19,1
131,11_91_dec19,0
132,11_92_dec19,0
133,11_93_dec19,1
134,11_95_dec19,1
135,12_1_dec19,1
136,12_101_dec19,1
137,12_109_dec19,1
138,12_13_dec19,1
139,12_15_dec19,0
140,12_2_dec19,1
141,12_26_dec19,1
142,12_28_dec19,1
143,12_3_dec19,1
144,12_30_dec19,1
145,12_32_dec19,0
146,12_38_dec19,1
147,12_39_dec19,1
148,12_4_dec19,1
149,12_43_dec19,1
150,12_47_dec19,0
151,12_55_dec19,1
152,12_56_dec19,1
153,12_6_dec19,1
154,12_77_dec19,1
155,12_8_dec19,1
156,12_9_dec19,1
157,12_96_dec19,1
158,12_98_dec19,1
159,13_100_dec19,1
160,13_11_dec19,1
161,13_12_dec19,1
162,13_25_dec19,1
163,13_27_dec19,1
164,13_28_dec19,1
165,13_31_dec19,1
166,13_37_dec19,0
167,13_38_dec19,0
168,13_42_dec19,1
169,13_6_dec19,1
170,13_61_dec19,1
171,13_8_dec19,0
172,13_91_dec19,1
173,16_1_dec19,1
174,16_103_dec19,1
175,16_104_dec19,1
176,16_106_dec19,1
177,16_107_dec19,1
178,16_108_dec19,1
179,16_109_dec19,1
180,16_11_dec19,1
181,16_110_dec19,1
182,16_111_dec19,1
183,16_113_dec19,1
184,16_114_dec19,1
185,16_115_dec19,1
186,16_116_dec19,1
187,16_119_dec19,1
188,16_12_dec19,1
189,16_120_dec19,0
190,16_122_dec19,1
191,16_123_dec19,1
192,16_124_dec19,0
193,16_125_dec19,1
194,16_132_dec19,1
195,16_136_dec19,1
196,16_139_dec19,1
197,16_14_dec19,1
198,16_144_dec19,1
199,16_145_dec19,1
200,16_146_dec19,1
201,16_148_dec19,1
202,16_150_dec19,1
203,16_151_dec19,1
204,16_152_dec19,1
205,16_153_dec19,1
206,16_154_dec19,1
207,16_155_dec19,1
208,16_156_dec19,1
209,16_157_dec19,0
210,16_158_dec19,1
211,16_16_dec19,1
212,16_162_dec19,1
213,16_163_dec19,1
214,16_164_dec19,1
215,16_169_dec19,1
216,16_17_dec19,1
217,16_173_dec19,1
218,16_174_dec19,0
219,16_177_dec19,1
220,16_179_dec19,0
221,16_18_dec19,1
222,16_181_dec19,1
223,16_182_dec19,1
224,16_183_dec19,1
225,16_187_dec19,1
226,16_189_dec19,1
227,16_191_dec19,1
228,16_192_dec19,1
229,16_194_dec19,1
230,16_195_dec19,1
231,16_196_dec19,1
232,16_197_dec19,1
233,16_199_dec19,1
234,16_2_dec19,1
235,16_202_dec19,1
236,16_204_dec19,1
237,16_205_dec19,1
238,16_207_dec19,1
239,16_21_dec19,1
240,16_210_dec19,1
241,16_212_dec19,1
242,16_213_dec19,1
243,16_24_dec19,1
244,16_25_dec19,1
245,16_27_dec19,1
246,16_28_dec19,1
247,16_3_dec19,1
248,16_30_dec19,1
249,16_31_dec19,1
250,16_33_dec19,1
251,16_34_dec19,1
252,16_38_dec19,1
253,16_39_dec19,1
254,16_4_dec19,0
255,16_40_dec19,1
256,16_41_dec19,1
257,16_43_dec19,1
258,16_44_dec19,1
259,16_45_dec19,1
260,16_46_dec19,1
261,16_47_dec19,1
262,16_49_dec19,1
263,16_5_dec19,1
264,16_50_dec19,1
265,16_51_dec19,1
266,16_56_dec19,1
267,16_58_dec19,1
268,16_6_dec19,1
269,16_60_dec19,1
270,16_61_dec19,1
271,16_64_dec19,1
272,16_66_dec19,1
273,16_67_dec19,1
274,16_7_dec19,1
275,16_73_dec19,1
276,16_75_dec19,1
277,16_76_dec19,1
278,16_78_dec19,1
279,16_79_dec19,0
280,16_81_dec19,1
281,16_83_dec19,1
282,16_87_dec19,1
283,16_88_dec19,1
284,16_9_dec19,1
285,16_90_dec19,1
286,16_91_dec19,1
287,16_92_dec19,1
288,16_93_dec19,1
289,16_94_dec19,1
290,16_95_dec19,1
291,16_96_dec19,1
292,16_97_dec19,1
293,16_98_dec19,1
294,17_1_dec19,0
295,17_100_dec19,1
296,17_104_dec19,1
297,17_109_dec19,1
298,17_114_dec19,0
299,17_117_dec19,1
300,17_118_dec19,0
301,17_128_dec19,1
302,17_133_dec19,1
303,17_136_dec19,1
304,17_137_dec19,0
305,17_140_dec19,1
306,17_147_dec19,1
307,17_19_dec19,1
308,17_25_dec19,0
309,17_26_dec19,1
310,17_34_dec19,1
311,17_36_dec19,1
312,17_45_dec19,1
313,17_6_dec19,1
314,17_68_dec19,1
315,17_69_dec19,0
316,17_7_dec19,1
317,17_75_dec19,1
318,17_78_dec19,0
319,17_8_dec19,1
320,17_80_dec19,1
321,17_87_dec19,1
322,17_9_dec19,0
323,17_92_dec19,1
324,17_94_dec19,1
325,17_96_dec19,1
326,17_98_dec19,1
327,18_1_dec19,1
328,18_100_dec19,1
329,18_101_dec19,1
330,18_105_dec19,0
331,18_109_dec19,0
332,18_110_dec19,1
333,18_112_dec19,1
334,18_113_dec19,1
335,18_115_dec19,0
336,18_117_dec19,1
337,18_12_dec19,1
338,18_121_dec19,1
339,18_122_dec19,1
340,18_125_dec19,1
341,18_128_dec19,0
342,18_130_dec19,1
343,18_14_dec19,1
344,18_141_dec19,1
345,18_147_dec19,0
346,18_149_dec19,1
347,18_150_dec19,1
348,18_158_dec19,1
349,18_176_dec19,1
350,18_177_dec19,0
351,18_182_dec19,0
352,18_19_dec19,1
353,18_190_dec19,0
354,18_195_dec19,1
355,18_197_dec19,1
356,18_201_dec19,1
357,18_205_dec19,1
358,18_207_dec19,1
359,18_208_dec19,0
360,18_210_dec19,1
361,18_211_dec19,0
362,18_226_dec19,1
363,18_245_dec19,1
364,18_250_dec19,1
365,18_251_dec19,1
366,18_257_dec19,1
367,18_258_dec19,1
368,18_261_dec19,1
369,18_263_dec19,1
370,18_266_dec19,1
371,18_267_dec19,1
372,18_269_dec19,1
373,18_277_dec19,1
374,18_278_dec19,0
375,18_290_dec19,1
376,18_297_dec19,0
377,18_3_dec19,1
378,18_313_dec19,1
379,18_314_dec19,0
380,18_315_dec19,0
381,18_316_dec19,1
382,18_317_dec19,0
383,18_32_dec19,1
384,18_327_dec19,1
385,18_34_dec19,0
386,18_340_dec19,1
387,18_342_dec19,1
388,18_346_dec19,1
389,18_347_dec19,0
390,18_356_dec19,1
391,18_360_dec19,1
392,18_361_dec19,1
393,18_370_dec19,1
394,18_372_dec19,1
395,18_373_dec19,1
396,18_375_dec19,1
397,18_376_dec19,1
398,18_379_dec19,0
399,18_38_dec19,1
400,18_39_dec19,1
401,18_42_dec19,0
402,18_49_dec19,1
403,18_54_dec19,1
404,18_56_dec19,1
405,18_58_dec19,1
406,18_6_dec19,1
407,18_60_dec19,1
408,18_70_dec19,0
409,18_86_dec19,1
410,18_9_dec19,1
411,18_95_dec19,1
412,19_1_dec19,0
413,19_18_dec19,1
414,19_79_dec19,1
415,19_8_dec19,1
416,19_9_dec19,0
417,20_106_dec19,1
418,20_119_dec19,1
419,20_126_dec19,1
420,20_129_dec19,1
421,20_14_dec19,1
422,20_143_dec19,1
423,20_144_dec19,1
424,20_147_dec19,1
425,20_151_dec19,0
426,20_152_dec19,1
427,20_157_dec19,0
428,20_160_dec19,1
429,20_165_dec19,0
430,20_173_dec19,1
431,20_191_dec19,1
432,20_202_dec19,1
433,20_203_dec19,1
434,20_209_dec19,0
435,20_223_dec19,1
436,20_225_dec19,1
437,20_233_dec19,0
438,20_236_dec19,1
439,20_238_dec19,1
440,20_239_dec19,0
441,20_244_dec19,1
442,20_254_dec19,1
443,20_267_dec19,1
444,20_275_dec19,1
445,20_281_dec19,1
446,20_3_dec19,1
447,20_30_dec19,0
448,20_31_dec19,1
449,20_32_dec19,1
450,20_320_dec19,0
451,20_324_dec19,1
452,20_325_dec19,1
453,20_36_dec19,0
454,20_46_dec19,1
455,20_53_dec19,1
456,20_57_dec19,1
457,20_61_dec19,1
458,20_66_dec19,1
459,20_69_dec19,1
460,20_75_dec19,1
461,20_77_dec19,0
462,21_1_dec19,1
463,21_102_dec19,0
464,21_103_dec19,1
465,21_105_dec19,1
466,21_107_dec19,1
467,21_111_dec19,1
468,21_115_dec19,1
469,21_118_dec19,1
470,21_12_dec19,1
471,21_125_dec19,0
472,21_140_dec19,1
473,21_142_dec19,1
474,21_147_dec19,1
475,21_150_dec19,1
476,21_152_dec19,0
477,21_156_dec19,1
478,21_158_dec19,1
479,21_163_dec19,0
480,21_165_dec19,1
481,21_166_dec19,1
482,21_22_dec19,0
483,21_23_dec19,1
484,21_26_dec19,1
485,21_28_dec19,1
486,21_29_dec19,0
487,21_3_dec19,0
488,21_31_dec19,1
489,21_32_dec19,1
490,21_36_dec19,0
491,21_38_dec19,1
492,21_40_dec19,1
493,21_41_dec19,1
494,21_42_dec19,1
495,21_43_dec19,1
496,21_44_dec19,0
497,21_45_dec19,1
498,21_49_dec19,1
499,21_5_dec19,1
500,21_50_dec19,1
501,21_58_dec19,0
502,21_6_dec19,1
503,21_63_dec19,0
504,21_68_dec19,1
505,21_78_dec19,0
506,21_8_dec19,1
507,21_82_dec19,1
508,21_83_dec19,1
509,21_84_dec19,1
510,21_87_dec19,1
511,21_95_dec19,1
512,21_97_dec19,1
513,22_11_dec19,1
514,22_12_dec19,1
515,22_14_dec19,1
516,22_15_dec19,1
517,22_16_dec19,0
518,22_17_dec19,1
519,22_19_dec19,1
520,22_21_dec19,1
521,22_24_dec19,1
522,22_30_dec19,1
523,22_31_dec19,1
524,22_33_dec19,1
525,22_34_dec19,0
526,22_35_dec19,1
527,22_38_dec19,1
528,22_39_dec19,1
529,22_41_dec19,0
530,22_44_dec19,1
531,22_46_dec19,0
532,22_47_dec19,1
533,22_5_dec19,1
534,22_50_dec19,1
535,22_6_dec19,1
536,22_8_dec19,1
537,22_9_dec19,1
538,23_1_dec19,1
539,23_12_dec19,1
540,23_13_dec19,1
541,23_14_dec19,1
542,23_16_dec19,1
543,23_17_dec19,1
544,23_18_dec19,1
545,23_19_dec19,1
546,23_2_dec19,0
547,23_28_dec19,1
548,23_35_dec19,1
549,23_40_dec19,1
550,23_43_dec19,1
551,23_5_dec19,0
552,23_6_dec19,1
553,24_116_dec19,1
554,24_120_dec19,1
555,24_121_dec19,1
556,24_128_dec19,0
557,24_130_dec19,1
558,24_144_dec19,1
559,24_152_dec19,1
560,24_154_dec19,0
561,24_164_dec19,1
562,24_170_dec19,1
563,24_172_dec19,0
564,24_180_dec19,1
565,24_185_dec19,1
566,24_189_dec19,1
567,24_190_dec19,1
568,24_191_dec19,1
569,24_194_dec19,0
570,24_202_dec19,1
571,24_219_dec19,1
572,24_237_dec19,1
573,24_238_dec19,1
574,24_241_dec19,1
575,24_244_dec19,0
576,24_250_dec19,1
577,24_251_dec19,0
578,24_256_dec19,0
579,24_260_dec19,1
580,24_263_dec19,1
581,24_264_dec19,1
582,24_276_dec19,1
583,24_29_dec19,1
584,24_291_dec19,1
585,24_297_dec19,0
586,24_33_dec19,0
587,24_38_dec19,1
588,24_39_dec19,1
589,24_41_dec19,0
590,24_43_dec19,1
591,24_52_dec19,1
592,24_59_dec19,1
593,24_6_dec19,1
594,24_62_dec19,0
595,24_66_dec19,1
596,24_68_dec19,1
597,24_90_dec19,1
598,24_93_dec19,1
599,26_100_dec19,1
600,26_104_dec19,1
601,26_106_dec19,1
602,26_109_dec19,1
603,26_114_dec19,1
604,26_116_dec19,1
605,26_118_dec19,0
606,26_124_dec19,1
607,26_125_dec19,0
608,26_126_dec19,1
609,26_13_dec19,0
610,26_131_dec19,1
611,26_134_dec19,1
612,26_139_dec19,1
613,26_141_dec19,1
614,26_144_dec19,1
615,26_145_dec19,1
616,26_15_dec19,0
617,26_155_dec19,1
618,26_158_dec19,1
619,26_161_dec19,1
620,26_166_dec19,1
621,26_169_dec19,1
622,26_170_dec19,1
623,26_171_dec19,1
624,26_172_dec19,1
625,26_175_dec19,0
626,26_177_dec19,0
627,26_18_dec19,1
628,26_180_dec19,1
629,26_185_dec19,1
630,26_187_dec19,1
631,26_188_dec19,1
632,26_19_dec19,1
633,26_198_dec19,1
634,26_201_dec19,1
635,26_202_dec19,1
636,26_210_dec19,1
637,26_211_dec19,1
638,26_218_dec19,1
639,26_222_dec19,1
640,26_224_dec19,1
641,26_232_dec19,1
642,26_245_dec19,1
643,26_246_dec19,1
644,26_247_dec19,1
645,26_251_dec19,1
646,26_253_dec19,1
647,26_261_dec19,0
648,26_262_dec19,1
649,26_266_dec19,1
650,26_268_dec19,1
651,26_271_dec19,1
652,26_273_dec19,1
653,26_276_dec19,1
654,26_286_dec19,1
655,26_287_dec19,0
656,26_288_dec19,1
657,26_29_dec19,0
658,26_291_dec19,1
659,26_293_dec19,0
660,26_299_dec19,1
661,26_3_dec19,1
662,26_300_dec19,1
663,26_307_dec19,1
664,26_31_dec19,0
665,26_310_dec19,1
666,26_311_dec19,1
667,26_312_dec19,1
668,26_315_dec19,1
669,26_316_dec19,1
670,26_33_dec19,1
671,26_35_dec19,1
672,26_36_dec19,1
673,26_41_dec19,1
674,26_43_dec19,1
675,26_45_dec19,1
676,26_48_dec19,0
677,26_52_dec19,1
678,26_57_dec19,1
679,26_58_dec19,1
680,26_6_dec19,0
681,26_62_dec19,1
682,26_67_dec19,1
683,26_72_dec19,1
684,26_75_dec19,1
685,26_80_dec19,1
686,26_82_dec19,1
687,26_83_dec19,1
688,26_85_dec19,1
689,26_86_dec19,0
690,26_89_dec19,1
691,26_92_dec19,1
692,29_1_dec19,0
693,29_104_dec19,1
694,29_107_dec19,1
695,29_110_dec19,1
696,29_12_dec19,0
697,29_35_dec19,1
698,29_5_dec19,1
699,29_52_dec19,1
700,29_58_dec19,1
701,29_69_dec19,1
702,29_72_dec19,1
703,29_90_dec19,1
704,30_11_dec19,0
705,30_15_dec19,0
706,30_19_dec19,1
707,30_20_dec19,1
708,30_21_dec19,1
709,30_22_dec19,1
710,30_25_dec19,0
711,30_26_dec19,1
712,30_32_dec19,0
713,30_34_dec19,0
714,30_35_dec19,0
715,30_36_dec19,1
716,30_37_dec19,0
717,30_7_dec19,0
718,31_1_dec19,1
719,31_102_dec19,1
720,31_107_dec19,1
721,31_109_dec19,1
722,31_110_dec19,1
723,31_113_dec19,1
724,31_114_dec19,0
725,31_116_dec19,1
726,31_118_dec19,1
727,31_121_dec19,1
728,31_124_dec19,1
729,31_127_dec19,1
730,31_128_dec19,1
731,31_129_dec19,1
732,31_135_dec19,1
733,31_139_dec19,1
734,31_142_dec19,1
735,31_145_dec19,1
736,31_146_dec19,1
737,31_149_dec19,0
738,31_150_dec19,1
739,31_153_dec19,1
740,31_155_dec19,1
741,31_158_dec19,1
742,31_168_dec19,1
743,31_170_dec19,1
744,31_177_dec19,1
745,31_180_dec19,1
746,31_182_dec19,1
747,31_183_dec19,1
748,31_187_dec19,1
749,31_189_dec19,1
750,31_190_dec19,1
751,31_191_dec19,1
752,31_193_dec19,1
753,31_194_dec19,1
754,31_2_dec19,1
755,31_20_dec19,1
756,31_200_dec19,1
757,31_201_dec19,1
758,31_202_dec19,1
759,31_204_dec19,1
760,31_208_dec19,1
761,31_209_dec19,1
762,31_21_dec19,1
763,31_30_dec19,1
764,31_37_dec19,1
765,31_38_dec19,1
766,31_4_dec19,1
767,31_40_dec19,1
768,31_44_dec19,1
769,31_45_dec19,1
770,31_46_dec19,1
771,31_53_dec19,1
772,31_80_dec19,0
773,31_86_dec19,1
774,31_87_dec19,1
775,31_90_dec19,1
776,31_92_dec19,1
777,31_94_dec19,1
778,31_96_dec19,1
779,31_99_dec19,1
780,3_4_dec19,0
781,4_101_dec19,1
782,4_103_dec19,0
783,4_110_dec19,1
784,4_112_dec19,1
785,4_117_dec19,1
786,4_124_dec19,1
787,4_127_dec19,1
788,4_130_dec19,1
789,4_132_dec19,0
790,4_135_dec19,0
791,4_141_dec19,1
792,4_145_dec19,1
793,4_146_dec19,1
794,4_147_dec19,1
795,4_148_dec19,1
796,4_149_dec19,0
797,4_151_dec19,1
798,4_153_dec19,1
799,4_157_dec19,1
800,4_162_dec19,1
801,4_165_dec19,0
802,4_171_dec19,0
803,4_173_dec19,1
804,4_174_dec19,1
805,4_177_dec19,1
806,4_181_dec19,1
807,4_184_dec19,1
808,4_19_dec19,1
809,4_194_dec19,1
810,4_204_dec19,1
811,4_205_dec19,1
812,4_208_dec19,1
813,4_209_dec19,1
814,4_21_dec19,1
815,4_219_dec19,1
816,4_237_dec19,0
817,4_24_dec19,1
818,4_26_dec19,0
819,4_269_dec19,1
820,4_270_dec19,0
821,4_28_dec19,1
822,4_293_dec19,1
823,4_295_dec19,1
824,4_31_dec19,1
825,4_38_dec19,1
826,4_4_dec19,1
827,4_433_dec19,0
828,4_44_dec19,1
829,4_45_dec19,1
830,4_461_dec19,1
831,4_467_dec19,0
832,4_47_dec19,1
833,4_475_dec19,1
834,4_483_dec19,1
835,4_484_dec19,1
836,4_485_dec19,1
837,4_487_dec19,1
838,4_491_dec19,1
839,4_492_dec19,1
840,4_499_dec19,1
841,4_500_dec19,1
842,4_503_dec19,1
843,4_51_dec19,1
844,4_52_dec19,1
845,4_552_dec19,1
846,4_561_dec19,1
847,4_57_dec19,1
848,4_571_dec19,1
849,4_574_dec19,1
850,4_580_dec19,0
851,4_581_dec19,1
852,4_59_dec19,1
853,4_594_dec19,1
854,4_596_dec19,1
855,4_608_dec19,1
856,4_613_dec19,1
857,4_617_dec19,1
858,4_621_dec19,1
859,4_622_dec19,1
860,4_624_dec19,1
861,4_63_dec19,1
862,4_631_dec19,1
863,4_634_dec19,1
864,4_64_dec19,1
865,4_657_dec19,1
866,4_66_dec19,1
867,4_662_dec19,1
868,4_663_dec19,1
869,4_665_dec19,0
870,4_67_dec19,0
871,4_681_dec19,1
872,4_725_dec19,1
873,4_73_dec19,1
874,4_768_dec19,1
875,4_775_dec19,1
876,4_78_dec19,1
877,4_819_dec19,1
878,4_82_dec19,1
879,4_825_dec19,1
880,4_827_dec19,1
881,4_839_dec19,1
882,4_85_dec19,1
883,4_850_dec19,1
884,4_86_dec19,1
885,4_862_dec19,1
886,4_864_dec19,0
887,4_871_dec19,1
888,4_872_dec19,1
889,4_873_dec19,1
890,4_875_dec19,1
891,4_90_dec19,1
892,4_943_dec19,0
893,4_949_dec19,1
894,4_95_dec19,0
895,4_956_dec19,1
896,4_962_dec19,0
897,4_964_dec19,1
898,4_966_dec19,1
899,4_967_dec19,1
900,4_98_dec19,0
901,6_1_dec19,1
902,6_10_dec19,1
903,6_101_dec19,1
904,6_102_dec19,1
905,6_106_dec19,1
906,6_11_dec19,1
907,6_112_dec19,1
908,6_12_dec19,1
909,6_122_dec19,1
910,6_123_dec19,1
911,6_126_dec19,1
912,6_127_dec19,0
913,6_128_dec19,1
914,6_13_dec19,1
915,6_135_dec19,1
916,6_136_dec19,1
917,6_140_dec19,0
918,6_143_dec19,1
919,6_145_dec19,1
920,6_147_dec19,1
921,6_148_dec19,1
922,6_149_dec19,1
923,6_15_dec19,1
924,6_155_dec19,0
925,6_156_dec19,1
926,6_159_dec19,1
927,6_160_dec19,0
928,6_161_dec19,0
929,6_162_dec19,1
930,6_164_dec19,0
931,6_165_dec19,1
932,6_166_dec19,1
933,6_167_dec19,1
934,6_171_dec19,0
935,6_173_dec19,1
936,6_174_dec19,1
937,6_176_dec19,1
938,6_178_dec19,0
939,6_18_dec19,1
940,6_182_dec19,1
941,6_187_dec19,1
942,6_189_dec19,1
943,6_19_dec19,1
944,6_191_dec19,1
945,6_201_dec19,1
946,6_202_dec19,1
947,6_207_dec19,1
948,6_210_dec19,1
949,6_214_dec19,1
950,6_219_dec19,1
951,6_22_dec19,1
952,6_223_dec19,1
953,6_229_dec19,1
954,6_23_dec19,1
955,6_232_dec19,0
956,6_237_dec19,1
957,6_239_dec19,1
958,6_242_dec19,1
959,6_245_dec19,1
960,6_246_dec19,0
961,6_248_dec19,1
962,6_250_dec19,1
963,6_257_dec19,1
964,6_258_dec19,0
965,6_268_dec19,1
966,6_269_dec19,1
967,6_270_dec19,1
968,6_271_dec19,1
969,6_272_dec19,1
970,6_277_dec19,1
971,6_352_dec19,1
972,6_360_dec19,1
973,6_376_dec19,1
974,6_4_dec19,1
975,6_402_dec19,1
976,6_416_dec19,1
977,6_417_dec19,1
978,6_418_dec19,1
979,6_42_dec19,1
980,6_422_dec19,1
981,6_424_dec19,1
982,6_45_dec19,1
983,6_47_dec19,0
984,6_48_dec19,1
985,6_49_dec19,1
986,6_51_dec19,1
987,6_56_dec19,1
988,6_58_dec19,1
989,6_59_dec19,1
990,6_6_dec19,1
991,6_60_dec19,1
992,6_62_dec19,1
993,6_65_dec19,1
994,6_7_dec19,1
995,6_71_dec19,1
996,6_75_dec19,1
997,6_78_dec19,1
998,6_79_dec19,1
999,6_8_dec19,1
1000,6_81_dec19,1
1001,6_87_dec19,1
1002,6_9_dec19,1
1003,6_92_dec19,1
1004,6_95_dec19,1
