,employee,companyAlias,numVotes,lastParticipationDate,stillExists,uid,comid
2,2,56aec740f1ef260003e307d6,72,2017-03-17 00:00:00,True,11_2,11
4,3,56aec740f1ef260003e307d6,22,2017-02-16 00:00:00,True,11_3,11
6,4,56aec740f1ef260003e307d6,195,2017-03-20 00:00:00,True,11_4,11
8,475,56aec740f1ef260003e307d6,15,2016-11-06 18:38:30,False,11_475,11
9,5,56aec740f1ef260003e307d6,42,2017-03-14 00:00:00,True,11_5,11
12,6,56aec740f1ef260003e307d6,63,2017-02-15 10:19:59,True,11_6,11
15,7,56aec740f1ef260003e307d6,53,2017-03-17 00:00:00,True,11_7,11
16,8,56aec740f1ef260003e307d6,29,2017-01-18 00:00:00,True,11_8,11
19,10,56aec740f1ef260003e307d6,56,2017-03-10 00:00:00,True,11_10,11
22,12,56aec740f1ef260003e307d6,69,2017-03-06 08:51:42,True,11_12,11
23,13,56aec740f1ef260003e307d6,76,2017-03-20 11:28:45,True,11_13,11
25,16,56aec740f1ef260003e307d6,90,2017-02-16 10:11:21,True,11_16,11
28,18,56aec740f1ef260003e307d6,170,2017-03-20 13:23:02,True,11_18,11
29,19,56aec740f1ef260003e307d6,100,2017-03-08 14:04:39,True,11_19,11
32,21,56aec740f1ef260003e307d6,191,2017-03-14 00:00:00,True,11_21,11
34,23,56aec740f1ef260003e307d6,56,2017-03-09 06:35:49,True,11_23,11
35,24,56aec740f1ef260003e307d6,404,2017-03-20 18:00:17,True,11_24,11
41,28,56aec740f1ef260003e307d6,137,2017-03-20 00:00:00,True,11_28,11
42,29,56aec740f1ef260003e307d6,45,2017-02-24 00:00:00,True,11_29,11
44,31,56aec740f1ef260003e307d6,53,2017-03-19 13:07:15,True,11_31,11
45,32,56aec740f1ef260003e307d6,182,2017-03-19 00:00:00,True,11_32,11
46,33,56aec740f1ef260003e307d6,253,2017-03-20 00:00:00,True,11_33,11
47,34,56aec740f1ef260003e307d6,369,2017-03-20 15:44:02,True,11_34,11
49,38,56aec740f1ef260003e307d6,64,2017-03-10 07:17:03,True,11_38,11
55,47,56aec740f1ef260003e307d6,16,2017-03-16 12:07:26,True,11_47,11
56,51,56aec740f1ef260003e307d6,79,2017-03-20 00:00:00,True,11_51,11
61,59,56aec740f1ef260003e307d6,151,2017-03-20 00:00:00,True,11_59,11
65,66,56aec740f1ef260003e307d6,36,2017-02-14 13:43:40,True,11_66,11
68,69,56aec740f1ef260003e307d6,233,2017-03-19 00:00:00,True,11_69,11
71,73,56aec740f1ef260003e307d6,139,2017-03-03 00:00:00,True,11_73,11
76,79,56aec740f1ef260003e307d6,194,2017-03-20 09:03:28,True,11_79,11
80,83,56aec740f1ef260003e307d6,20,2017-02-24 00:00:00,True,11_83,11
81,84,56aec740f1ef260003e307d6,55,2017-02-17 00:00:00,True,11_84,11
84,87,56aec740f1ef260003e307d6,85,2017-03-15 00:00:00,True,11_87,11
85,89,56aec740f1ef260003e307d6,155,2017-03-14 12:20:44,True,11_89,11
87,91,56aec740f1ef260003e307d6,54,2017-02-17 00:00:00,True,11_91,11
88,92,56aec740f1ef260003e307d6,74,2017-03-10 00:00:00,True,11_92,11
90,94,56aec740f1ef260003e307d6,100,2017-03-10 00:00:00,True,11_94,11
91,95,56aec740f1ef260003e307d6,95,2017-03-17 00:00:00,True,11_95,11
92,96,56aec740f1ef260003e307d6,85,2017-03-17 00:00:00,True,11_96,11
93,97,56aec740f1ef260003e307d6,17,2017-03-01 13:38:11,True,11_97,11
94,98,56aec740f1ef260003e307d6,20,2017-03-08 00:00:00,True,11_98,11
95,99,56aec740f1ef260003e307d6,37,2017-03-20 00:00:00,True,11_99,11
96,100,56aec740f1ef260003e307d6,187,2017-03-20 07:11:08,True,11_100,11
97,101,56aec740f1ef260003e307d6,312,2017-03-20 07:11:08,True,11_101,11
98,102,56aec740f1ef260003e307d6,245,2017-03-20 00:00:00,True,11_102,11
99,103,56aec740f1ef260003e307d6,201,2017-03-20 00:00:00,True,11_103,11
101,105,56aec740f1ef260003e307d6,77,2017-03-16 00:00:00,True,11_105,11
103,107,56aec740f1ef260003e307d6,205,2017-03-17 12:30:43,True,11_107,11
104,108,56aec740f1ef260003e307d6,82,2017-03-16 00:00:00,True,11_108,11
108,114,56aec740f1ef260003e307d6,180,2017-03-14 11:28:00,True,11_114,11
110,116,56aec740f1ef260003e307d6,118,2017-03-20 06:47:12,True,11_116,11
111,117,56aec740f1ef260003e307d6,87,2017-03-06 00:00:00,True,11_117,11
112,119,56aec740f1ef260003e307d6,64,2017-03-16 22:12:07,True,11_119,11
114,122,56aec740f1ef260003e307d6,57,2017-03-14 11:28:00,True,11_122,11
116,124,56aec740f1ef260003e307d6,235,2017-03-20 13:30:50,True,11_124,11
117,125,56aec740f1ef260003e307d6,28,2017-03-18 00:00:00,True,11_125,11
118,126,56aec740f1ef260003e307d6,265,2017-03-17 00:00:00,True,11_126,11
122,131,56aec740f1ef260003e307d6,103,2017-03-20 00:00:00,True,11_131,11
124,135,56aec740f1ef260003e307d6,146,2017-03-20 15:06:08,True,11_135,11
125,136,56aec740f1ef260003e307d6,50,2017-01-26 11:36:57,True,11_136,11
128,139,56aec740f1ef260003e307d6,216,2017-03-20 00:00:00,True,11_139,11
129,140,56aec740f1ef260003e307d6,150,2017-03-20 00:00:00,True,11_140,11
130,142,56aec740f1ef260003e307d6,63,2017-03-15 00:00:00,True,11_142,11
131,144,56aec740f1ef260003e307d6,41,2017-03-02 13:02:03,True,11_144,11
133,147,56aec740f1ef260003e307d6,77,2017-03-20 08:13:39,True,11_147,11
137,151,56aec740f1ef260003e307d6,52,2017-02-16 14:25:47,True,11_151,11
138,152,56aec740f1ef260003e307d6,371,2017-03-20 15:44:02,True,11_152,11
140,155,56aec740f1ef260003e307d6,124,2017-01-09 00:00:00,False,11_155,11
144,163,56aec740f1ef260003e307d6,285,2017-03-20 00:00:00,True,11_163,11
145,164,56aec740f1ef260003e307d6,188,2017-03-20 15:44:02,True,11_164,11
146,166,56aec740f1ef260003e307d6,21,2017-03-10 00:00:00,True,11_166,11
147,169,56aec740f1ef260003e307d6,364,2017-03-20 13:30:50,True,11_169,11
148,170,56aec740f1ef260003e307d6,236,2017-03-20 11:28:45,True,11_170,11
149,171,56aec740f1ef260003e307d6,8,2017-02-06 00:00:00,True,11_171,11
150,172,56aec740f1ef260003e307d6,77,2017-03-20 15:44:02,True,11_172,11
151,174,56aec740f1ef260003e307d6,28,2017-03-15 07:42:21,True,11_174,11
152,175,56aec740f1ef260003e307d6,56,2017-03-20 11:28:45,True,11_175,11
157,181,56aec740f1ef260003e307d6,7,2017-03-20 00:00:00,True,11_181,11
158,183,56aec740f1ef260003e307d6,126,2017-03-17 15:34:02,True,11_183,11
161,186,56aec740f1ef260003e307d6,120,2017-03-18 11:46:11,True,11_186,11
165,194,56aec740f1ef260003e307d6,160,2017-03-19 00:00:00,True,11_194,11
167,196,56aec740f1ef260003e307d6,317,2017-01-24 00:00:00,True,11_196,11
169,198,56aec740f1ef260003e307d6,21,2017-03-18 00:00:00,True,11_198,11
170,199,56aec740f1ef260003e307d6,20,2017-01-31 13:42:37,True,11_199,11
172,201,56aec740f1ef260003e307d6,98,2017-02-20 00:00:00,True,11_201,11
174,206,56aec740f1ef260003e307d6,69,2017-03-17 20:02:45,True,11_206,11
177,209,56aec740f1ef260003e307d6,314,2017-03-20 00:00:00,True,11_209,11
180,212,56aec740f1ef260003e307d6,70,2017-03-18 11:46:11,True,11_212,11
181,213,56aec740f1ef260003e307d6,287,2017-03-19 13:07:15,True,11_213,11
182,214,56aec740f1ef260003e307d6,281,2017-03-20 00:00:00,True,11_214,11
184,216,56aec740f1ef260003e307d6,240,2017-03-19 00:00:00,True,11_216,11
185,217,56aec740f1ef260003e307d6,256,2017-03-20 17:55:16,True,11_217,11
186,218,56aec740f1ef260003e307d6,249,2017-03-20 00:00:00,True,11_218,11
189,223,56aec740f1ef260003e307d6,99,2017-03-14 16:01:59,True,11_223,11
191,225,56aec740f1ef260003e307d6,194,2017-03-20 13:30:50,True,11_225,11
193,227,56aec740f1ef260003e307d6,24,2017-02-22 00:00:00,True,11_227,11
195,230,56aec740f1ef260003e307d6,21,2017-03-05 00:00:00,True,11_230,11
197,232,56aec740f1ef260003e307d6,89,2017-01-09 07:53:39,False,11_232,11
199,236,56aec740f1ef260003e307d6,94,2017-03-20 00:00:00,True,11_236,11
200,237,56aec740f1ef260003e307d6,92,2017-03-20 00:00:00,True,11_237,11
201,238,56aec740f1ef260003e307d6,17,2017-03-13 00:00:00,True,11_238,11
203,240,56aec740f1ef260003e307d6,34,2017-03-15 00:00:00,True,11_240,11
204,242,56aec740f1ef260003e307d6,159,2017-03-20 00:00:00,True,11_242,11
206,244,56aec740f1ef260003e307d6,44,2017-03-16 16:18:46,True,11_244,11
207,245,56aec740f1ef260003e307d6,235,2017-03-17 00:00:00,True,11_245,11
208,246,56aec740f1ef260003e307d6,121,2017-03-17 18:23:29,True,11_246,11
211,250,56aec740f1ef260003e307d6,43,2017-03-20 00:00:00,True,11_250,11
214,254,56aec740f1ef260003e307d6,57,2017-03-19 00:00:00,True,11_254,11
215,255,56aec740f1ef260003e307d6,98,2017-03-17 19:08:03,True,11_255,11
216,256,56aec740f1ef260003e307d6,57,2017-02-10 17:31:29,True,11_256,11
217,257,56aec740f1ef260003e307d6,127,2017-03-17 00:00:00,True,11_257,11
219,259,56aec740f1ef260003e307d6,71,2017-03-20 00:00:00,True,11_259,11
221,262,56aec740f1ef260003e307d6,56,2017-03-17 00:00:00,True,11_262,11
224,266,56aec740f1ef260003e307d6,124,2017-03-20 00:00:00,True,11_266,11
227,269,56aec740f1ef260003e307d6,142,2017-03-20 00:00:00,True,11_269,11
229,271,56aec740f1ef260003e307d6,135,2017-03-20 00:00:00,True,11_271,11
230,272,56aec740f1ef260003e307d6,168,2017-03-19 00:00:00,True,11_272,11
231,273,56aec740f1ef260003e307d6,147,2017-03-19 12:59:09,True,11_273,11
232,274,56aec740f1ef260003e307d6,212,2017-03-20 00:00:00,True,11_274,11
233,275,56aec740f1ef260003e307d6,26,2017-02-16 00:00:00,True,11_275,11
234,276,56aec740f1ef260003e307d6,217,2017-03-20 18:00:17,True,11_276,11
236,280,56aec740f1ef260003e307d6,146,2017-03-18 00:00:00,True,11_280,11
237,282,56aec740f1ef260003e307d6,143,2017-03-20 00:00:00,True,11_282,11
240,290,56aec740f1ef260003e307d6,163,2017-03-18 00:00:00,True,11_290,11
241,291,56aec740f1ef260003e307d6,257,2017-03-20 13:23:02,True,11_291,11
242,292,56aec740f1ef260003e307d6,45,2017-03-15 09:20:36,True,11_292,11
243,293,56aec740f1ef260003e307d6,70,2017-03-01 09:36:30,True,11_293,11
244,294,56aec740f1ef260003e307d6,70,2017-02-06 00:00:00,True,11_294,11
247,297,56aec740f1ef260003e307d6,93,2017-03-16 07:23:11,True,11_297,11
248,298,56aec740f1ef260003e307d6,136,2017-03-18 00:00:00,True,11_298,11
251,304,56aec740f1ef260003e307d6,54,2017-03-01 09:23:34,True,11_304,11
252,305,56aec740f1ef260003e307d6,242,2017-03-20 00:00:00,True,11_305,11
253,307,56aec740f1ef260003e307d6,78,2017-03-20 18:00:17,True,11_307,11
254,308,56aec740f1ef260003e307d6,205,2017-02-16 17:31:26,True,11_308,11
255,309,56aec740f1ef260003e307d6,80,2017-02-28 00:00:00,True,11_309,11
256,310,56aec740f1ef260003e307d6,189,2017-03-20 11:28:45,True,11_310,11
258,312,56aec740f1ef260003e307d6,154,2017-03-18 00:00:00,True,11_312,11
265,326,56aec740f1ef260003e307d6,106,2017-03-20 00:00:00,True,11_326,11
266,328,56aec740f1ef260003e307d6,184,2017-03-19 00:00:00,True,11_328,11
267,329,56aec740f1ef260003e307d6,50,2017-03-12 00:00:00,True,11_329,11
268,331,56aec740f1ef260003e307d6,43,2017-03-17 00:00:00,True,11_331,11
270,334,56aec740f1ef260003e307d6,65,2017-03-19 00:00:00,True,11_334,11
274,340,56aec740f1ef260003e307d6,245,2017-03-20 07:11:08,True,11_340,11
278,346,56aec740f1ef260003e307d6,82,2017-03-17 00:00:00,True,11_346,11
281,351,56aec740f1ef260003e307d6,106,2017-03-20 00:00:00,True,11_351,11
282,353,56aec740f1ef260003e307d6,136,2017-03-20 00:00:00,True,11_353,11
283,355,56aec740f1ef260003e307d6,53,2017-01-19 00:00:00,True,11_355,11
285,357,56aec740f1ef260003e307d6,68,2017-02-13 12:48:03,True,11_357,11
287,359,56aec740f1ef260003e307d6,113,2017-03-20 00:00:00,True,11_359,11
289,365,56aec740f1ef260003e307d6,10,2017-01-14 00:00:00,True,11_365,11
295,380,56aec740f1ef260003e307d6,205,2017-03-20 00:00:00,True,11_380,11
296,381,56aec740f1ef260003e307d6,83,2017-03-14 20:20:55,True,11_381,11
297,382,56aec740f1ef260003e307d6,148,2017-03-20 17:55:16,True,11_382,11
299,389,56aec740f1ef260003e307d6,236,2017-03-20 00:00:00,True,11_389,11
303,400,56aec740f1ef260003e307d6,129,2017-03-19 00:00:00,True,11_400,11
306,407,56aec740f1ef260003e307d6,69,2017-03-19 00:00:00,True,11_407,11
307,412,56aec740f1ef260003e307d6,100,2017-03-20 00:00:00,True,11_412,11
311,421,56aec740f1ef260003e307d6,44,2017-03-13 00:00:00,True,11_421,11
314,432,56aec740f1ef260003e307d6,164,2017-01-26 10:55:31,True,11_432,11
315,433,56aec740f1ef260003e307d6,74,2017-03-13 21:39:40,True,11_433,11
317,436,56aec740f1ef260003e307d6,110,2017-03-08 13:59:06,True,11_436,11
318,437,56aec740f1ef260003e307d6,82,2017-03-20 00:00:00,True,11_437,11
320,441,56aec740f1ef260003e307d6,204,2017-03-20 00:00:00,True,11_441,11
323,444,56aec740f1ef260003e307d6,103,2017-03-18 00:00:00,True,11_444,11
325,446,56aec740f1ef260003e307d6,19,2017-02-16 21:39:17,True,11_446,11
326,449,56aec740f1ef260003e307d6,79,2017-02-24 00:00:00,True,11_449,11
328,452,56aec740f1ef260003e307d6,50,2017-02-27 00:00:00,True,11_452,11
334,465,56aec740f1ef260003e307d6,69,2017-03-20 08:13:39,True,11_465,11
336,469,56aec740f1ef260003e307d6,48,2017-03-08 00:00:00,True,11_469,11
337,471,56aec740f1ef260003e307d6,7,2017-01-03 17:30:36,True,11_471,11
340,475,56aec740f1ef260003e307d6,15,2017-01-12 00:00:00,False,11_475,11
350,491,56aec740f1ef260003e307d6,81,2017-03-20 11:23:54,True,11_491,11
351,492,56aec740f1ef260003e307d6,95,2017-03-17 17:21:38,True,11_492,11
362,4,54d43612e4b0f6a40755d93e,48,2017-03-17 19:24:20,True,3_4,3
363,5,54d43612e4b0f6a40755d93e,116,2017-02-09 00:00:00,True,3_5,3
369,12,54d43612e4b0f6a40755d93e,49,2017-01-03 09:29:44,True,3_12,3
374,19,54d43612e4b0f6a40755d93e,29,2017-03-16 17:26:37,True,3_19,3
402,18,5370af43e4b0cff95558c12a,203,2017-03-12 00:00:00,True,0_18,0
407,21,5370af43e4b0cff95558c12a,72,2016-12-27 00:00:00,True,0_21,0
410,272,5370af43e4b0cff95558c12a,38,2017-01-18 07:21:26,False,0_272,0
415,25,5370af43e4b0cff95558c12a,145,2017-03-20 00:00:00,True,0_25,0
417,26,5370af43e4b0cff95558c12a,11,2017-03-06 00:00:00,True,0_26,0
419,27,5370af43e4b0cff95558c12a,70,2017-03-06 00:00:00,True,0_27,0
421,28,5370af43e4b0cff95558c12a,15,2017-01-30 16:02:25,True,0_28,0
429,32,5370af43e4b0cff95558c12a,40,2017-01-25 00:00:00,True,0_32,0
441,38,5370af43e4b0cff95558c12a,377,2017-03-20 07:57:56,True,0_38,0
443,39,5370af43e4b0cff95558c12a,96,2017-03-17 00:00:00,True,0_39,0
445,40,5370af43e4b0cff95558c12a,17,2017-03-11 00:00:00,True,0_40,0
451,43,5370af43e4b0cff95558c12a,21,2017-02-09 00:00:00,True,0_43,0
460,48,5370af43e4b0cff95558c12a,43,2017-02-06 00:00:00,True,0_48,0
466,52,5370af43e4b0cff95558c12a,73,2017-03-20 00:00:00,True,0_52,0
468,53,5370af43e4b0cff95558c12a,73,2017-03-15 15:54:39,True,0_53,0
470,54,5370af43e4b0cff95558c12a,17,2017-03-03 15:57:19,False,0_54,0
474,56,5370af43e4b0cff95558c12a,47,2017-03-06 00:00:00,True,0_56,0
476,57,5370af43e4b0cff95558c12a,86,2017-03-08 00:00:00,True,0_57,0
482,60,5370af43e4b0cff95558c12a,29,2017-02-22 00:00:00,True,0_60,0
485,62,5370af43e4b0cff95558c12a,175,2017-03-17 00:00:00,True,0_62,0
683,259,5370af43e4b0cff95558c12a,78,2017-03-19 00:00:00,True,0_259,0
690,268,5370af43e4b0cff95558c12a,37,2017-01-16 00:00:00,True,0_268,0
691,269,5370af43e4b0cff95558c12a,17,2017-03-10 11:54:38,True,0_269,0
693,271,5370af43e4b0cff95558c12a,26,2017-03-20 00:00:00,True,0_271,0
694,272,5370af43e4b0cff95558c12a,38,2017-01-18 00:00:00,False,0_272,0
714,1,57bb2f0b3bae540003a8d453,94,2017-03-20 18:12:06,True,21_1,21
717,3,57bb2f0b3bae540003a8d453,107,2017-03-17 12:31:03,True,21_3,21
719,4,57bb2f0b3bae540003a8d453,24,2017-03-20 00:00:00,True,21_4,21
720,5,57bb2f0b3bae540003a8d453,88,2017-03-20 18:12:06,True,21_5,21
721,6,57bb2f0b3bae540003a8d453,88,2017-03-17 12:31:03,True,21_6,21
722,8,57bb2f0b3bae540003a8d453,117,2017-03-20 00:00:00,True,21_8,21
723,10,57bb2f0b3bae540003a8d453,31,2017-03-15 00:00:00,True,21_10,21
724,11,57bb2f0b3bae540003a8d453,14,2017-02-16 15:06:55,True,21_11,21
725,12,57bb2f0b3bae540003a8d453,159,2017-03-20 17:08:05,True,21_12,21
730,19,57bb2f0b3bae540003a8d453,18,2017-03-14 17:42:27,True,21_19,21
731,21,57bb2f0b3bae540003a8d453,42,2017-03-18 00:32:13,True,21_21,21
732,22,57bb2f0b3bae540003a8d453,69,2017-03-17 00:00:00,True,21_22,21
733,23,57bb2f0b3bae540003a8d453,86,2017-03-20 00:00:00,True,21_23,21
735,25,57bb2f0b3bae540003a8d453,28,2017-03-15 11:53:23,True,21_25,21
738,28,57bb2f0b3bae540003a8d453,151,2017-03-20 00:00:00,True,21_28,21
739,29,57bb2f0b3bae540003a8d453,64,2017-03-17 00:00:00,True,21_29,21
740,30,57bb2f0b3bae540003a8d453,15,2017-02-02 00:00:00,True,21_30,21
741,31,57bb2f0b3bae540003a8d453,158,2017-03-20 14:15:03,True,21_31,21
742,32,57bb2f0b3bae540003a8d453,146,2017-03-20 18:12:06,True,21_32,21
743,34,57bb2f0b3bae540003a8d453,67,2017-03-20 00:00:00,True,21_34,21
744,36,57bb2f0b3bae540003a8d453,28,2017-03-02 00:09:14,True,21_36,21
745,37,57bb2f0b3bae540003a8d453,16,2017-03-04 01:34:17,True,21_37,21
746,38,57bb2f0b3bae540003a8d453,153,2017-03-20 00:00:00,True,21_38,21
748,40,57bb2f0b3bae540003a8d453,106,2017-03-18 00:56:36,True,21_40,21
749,41,57bb2f0b3bae540003a8d453,143,2017-03-17 00:00:00,True,21_41,21
751,43,57bb2f0b3bae540003a8d453,97,2017-03-20 17:08:05,True,21_43,21
752,44,57bb2f0b3bae540003a8d453,27,2017-03-20 00:00:00,True,21_44,21
753,45,57bb2f0b3bae540003a8d453,145,2017-03-20 17:48:04,True,21_45,21
756,49,57bb2f0b3bae540003a8d453,87,2017-03-20 00:00:00,True,21_49,21
757,50,57bb2f0b3bae540003a8d453,113,2017-02-06 00:00:00,True,21_50,21
761,54,57bb2f0b3bae540003a8d453,23,2017-03-14 00:00:00,True,21_54,21
762,58,57bb2f0b3bae540003a8d453,44,2017-03-16 00:00:00,True,21_58,21
763,60,57bb2f0b3bae540003a8d453,64,2017-03-17 00:00:00,True,21_60,21
765,62,57bb2f0b3bae540003a8d453,9,2017-01-30 00:00:00,True,21_62,21
766,63,57bb2f0b3bae540003a8d453,60,2017-03-15 00:00:00,True,21_63,21
768,67,57bb2f0b3bae540003a8d453,35,2017-03-20 00:00:00,True,21_67,21
769,68,57bb2f0b3bae540003a8d453,78,2017-03-20 00:00:00,True,21_68,21
777,80,57bb2f0b3bae540003a8d453,30,2017-03-03 23:30:29,True,21_80,21
778,82,57bb2f0b3bae540003a8d453,73,2017-03-20 00:00:00,True,21_82,21
779,83,57bb2f0b3bae540003a8d453,75,2017-03-20 00:00:00,True,21_83,21
780,84,57bb2f0b3bae540003a8d453,131,2017-03-20 00:00:00,True,21_84,21
781,85,57bb2f0b3bae540003a8d453,23,2017-01-18 13:12:40,True,21_85,21
783,87,57bb2f0b3bae540003a8d453,71,2017-03-20 00:00:00,True,21_87,21
786,91,57bb2f0b3bae540003a8d453,43,2017-03-18 00:40:48,True,21_91,21
788,93,57bb2f0b3bae540003a8d453,43,2017-03-15 00:00:00,True,21_93,21
792,97,57bb2f0b3bae540003a8d453,123,2017-03-20 18:59:37,True,21_97,21
793,99,57bb2f0b3bae540003a8d453,20,2017-03-13 16:37:42,True,21_99,21
796,102,57bb2f0b3bae540003a8d453,94,2017-03-20 14:15:03,True,21_102,21
797,103,57bb2f0b3bae540003a8d453,51,2017-03-16 00:00:00,True,21_103,21
798,105,57bb2f0b3bae540003a8d453,96,2017-03-20 00:00:00,True,21_105,21
799,107,57bb2f0b3bae540003a8d453,143,2017-03-20 00:00:00,True,21_107,21
800,108,57bb2f0b3bae540003a8d453,30,2017-03-08 16:18:18,True,21_108,21
802,111,57bb2f0b3bae540003a8d453,56,2017-03-15 20:27:08,True,21_111,21
804,114,57bb2f0b3bae540003a8d453,31,2017-03-16 00:00:00,True,21_114,21
805,115,57bb2f0b3bae540003a8d453,39,2017-03-20 18:59:37,True,21_115,21
807,118,57bb2f0b3bae540003a8d453,116,2017-03-18 00:00:00,True,21_118,21
808,119,57bb2f0b3bae540003a8d453,38,2017-03-17 14:24:52,True,21_119,21
810,122,57bb2f0b3bae540003a8d453,59,2017-03-18 13:21:31,True,21_122,21
811,125,57bb2f0b3bae540003a8d453,65,2017-03-20 18:59:37,True,21_125,21
814,131,57bb2f0b3bae540003a8d453,24,2017-03-02 00:00:00,True,21_131,21
815,132,57bb2f0b3bae540003a8d453,41,2017-02-21 15:51:28,True,21_132,21
817,136,57bb2f0b3bae540003a8d453,13,2017-02-23 00:00:00,True,21_136,21
819,140,57bb2f0b3bae540003a8d453,72,2017-03-17 16:14:47,True,21_140,21
821,142,57bb2f0b3bae540003a8d453,104,2017-03-17 12:31:21,True,21_142,21
826,150,57bb2f0b3bae540003a8d453,126,2017-03-20 14:15:03,True,21_150,21
828,152,57bb2f0b3bae540003a8d453,45,2017-01-11 14:32:12,True,21_152,21
830,156,57bb2f0b3bae540003a8d453,168,2017-03-20 14:15:03,True,21_156,21
832,158,57bb2f0b3bae540003a8d453,40,2017-03-16 03:42:10,True,21_158,21
835,161,57bb2f0b3bae540003a8d453,24,2017-03-06 00:00:00,True,21_161,21
836,162,57bb2f0b3bae540003a8d453,17,2017-03-15 00:00:00,True,21_162,21
837,163,57bb2f0b3bae540003a8d453,65,2017-03-18 00:00:00,True,21_163,21
838,164,57bb2f0b3bae540003a8d453,47,2017-03-20 18:12:06,True,21_164,21
839,165,57bb2f0b3bae540003a8d453,150,2017-03-20 18:59:37,True,21_165,21
840,166,57bb2f0b3bae540003a8d453,65,2017-03-20 18:12:06,True,21_166,21
843,169,57bb2f0b3bae540003a8d453,41,2017-03-13 21:39:04,True,21_169,21
1021,1,5809cc9eff2ea40003fda44d,8,2016-12-31 01:05:06,True,29_1,29
1022,5,5809cc9eff2ea40003fda44d,41,2016-12-27 00:00:00,True,29_5,29
1027,12,5809cc9eff2ea40003fda44d,49,2017-03-18 00:37:51,True,29_12,29
1030,18,5809cc9eff2ea40003fda44d,23,2017-03-17 00:30:51,True,29_18,29
1039,35,5809cc9eff2ea40003fda44d,30,2017-03-11 00:00:00,True,29_35,29
1048,52,5809cc9eff2ea40003fda44d,53,2017-03-14 19:23:39,True,29_52,29
1053,58,5809cc9eff2ea40003fda44d,71,2017-03-17 00:00:00,True,29_58,29
1057,66,5809cc9eff2ea40003fda44d,13,2017-02-28 00:35:01,True,29_66,29
1074,90,5809cc9eff2ea40003fda44d,72,2017-03-18 00:37:51,True,29_90,29
1077,95,5809cc9eff2ea40003fda44d,7,2017-03-14 00:00:00,True,29_95,29
1078,96,5809cc9eff2ea40003fda44d,16,2017-03-14 00:00:00,True,29_96,29
1083,103,5809cc9eff2ea40003fda44d,6,2017-01-25 00:00:00,True,29_103,29
1084,104,5809cc9eff2ea40003fda44d,50,2017-03-17 03:23:31,True,29_104,29
1087,110,5809cc9eff2ea40003fda44d,29,2017-02-20 00:00:00,True,29_110,29
1116,27,552e2d00e4b066b42fd122ed,55,2017-01-15 00:00:00,True,5_27,5
1126,1,581b08041a0ef8000308aef6,56,2017-02-27 20:53:42,True,31_1,31
1127,135,581b08041a0ef8000308aef6,53,2017-02-02 00:04:33,False,31_135,31
1128,2,581b08041a0ef8000308aef6,55,2017-02-04 00:00:00,True,31_2,31
1131,4,581b08041a0ef8000308aef6,63,2017-02-27 00:00:00,True,31_4,31
1136,18,581b08041a0ef8000308aef6,16,2017-02-20 11:19:20,True,31_18,31
1138,20,581b08041a0ef8000308aef6,57,2017-02-23 00:00:00,True,31_20,31
1139,21,581b08041a0ef8000308aef6,43,2017-02-20 06:28:53,True,31_21,31
1143,30,581b08041a0ef8000308aef6,42,2017-02-12 00:00:00,True,31_30,31
1144,37,581b08041a0ef8000308aef6,45,2017-02-27 00:00:00,True,31_37,31
1145,38,581b08041a0ef8000308aef6,45,2017-02-27 07:07:16,True,31_38,31
1147,40,581b08041a0ef8000308aef6,71,2017-02-27 19:07:48,True,31_40,31
1149,44,581b08041a0ef8000308aef6,79,2017-02-28 00:00:00,True,31_44,31
1151,46,581b08041a0ef8000308aef6,46,2017-02-24 03:40:00,True,31_46,31
1152,48,581b08041a0ef8000308aef6,56,2017-02-26 20:50:06,True,31_48,31
1154,53,581b08041a0ef8000308aef6,82,2017-02-27 00:00:00,True,31_53,31
1158,60,581b08041a0ef8000308aef6,13,2017-02-12 19:07:49,True,31_60,31
1166,74,581b08041a0ef8000308aef6,26,2017-02-28 00:00:00,True,31_74,31
1168,80,581b08041a0ef8000308aef6,33,2017-02-28 12:07:02,True,31_80,31
1170,86,581b08041a0ef8000308aef6,38,2017-02-02 00:04:33,True,31_86,31
1171,87,581b08041a0ef8000308aef6,63,2017-02-23 00:00:00,True,31_87,31
1172,90,581b08041a0ef8000308aef6,14,2016-12-28 18:26:12,True,31_90,31
1173,92,581b08041a0ef8000308aef6,64,2017-02-02 00:04:33,True,31_92,31
1174,94,581b08041a0ef8000308aef6,66,2017-02-02 10:32:14,True,31_94,31
1176,96,581b08041a0ef8000308aef6,54,2017-02-02 00:00:00,True,31_96,31
1178,99,581b08041a0ef8000308aef6,55,2017-02-28 00:00:00,True,31_99,31
1179,102,581b08041a0ef8000308aef6,40,2017-02-17 00:00:00,True,31_102,31
1183,109,581b08041a0ef8000308aef6,53,2017-02-28 00:00:00,True,31_109,31
1184,110,581b08041a0ef8000308aef6,53,2017-02-21 00:00:00,True,31_110,31
1189,116,581b08041a0ef8000308aef6,46,2017-02-24 00:00:00,True,31_116,31
1190,118,581b08041a0ef8000308aef6,20,2017-02-08 00:00:00,True,31_118,31
1192,121,581b08041a0ef8000308aef6,69,2017-02-27 19:25:14,True,31_121,31
1194,124,581b08041a0ef8000308aef6,45,2017-02-28 00:00:00,True,31_124,31
1197,129,581b08041a0ef8000308aef6,61,2017-02-28 12:00:54,True,31_129,31
1201,133,581b08041a0ef8000308aef6,14,2017-02-27 00:00:00,True,31_133,31
1203,135,581b08041a0ef8000308aef6,53,2017-02-02 00:00:00,False,31_135,31
1204,136,581b08041a0ef8000308aef6,63,2017-02-28 00:00:00,True,31_136,31
1206,139,581b08041a0ef8000308aef6,49,2017-02-28 00:00:00,True,31_139,31
1209,142,581b08041a0ef8000308aef6,56,2017-02-27 00:00:00,True,31_142,31
1212,145,581b08041a0ef8000308aef6,29,2017-02-16 00:00:00,True,31_145,31
1213,146,581b08041a0ef8000308aef6,69,2017-02-28 00:00:00,True,31_146,31
1215,149,581b08041a0ef8000308aef6,44,2017-02-28 06:59:47,True,31_149,31
1216,150,581b08041a0ef8000308aef6,56,2017-02-27 00:00:00,True,31_150,31
1221,155,581b08041a0ef8000308aef6,39,2017-02-27 00:00:00,True,31_155,31
1224,158,581b08041a0ef8000308aef6,66,2017-02-28 00:00:00,True,31_158,31
1232,168,581b08041a0ef8000308aef6,80,2017-02-28 10:54:18,True,31_168,31
1234,170,581b08041a0ef8000308aef6,77,2017-02-28 00:00:00,True,31_170,31
1236,173,581b08041a0ef8000308aef6,19,2017-02-20 00:00:00,True,31_173,31
1237,174,581b08041a0ef8000308aef6,12,2017-02-27 00:00:00,True,31_174,31
1240,177,581b08041a0ef8000308aef6,23,2017-02-06 00:00:00,True,31_177,31
1244,182,581b08041a0ef8000308aef6,54,2017-02-27 19:25:14,True,31_182,31
1248,187,581b08041a0ef8000308aef6,78,2017-02-21 00:00:00,True,31_187,31
1249,189,581b08041a0ef8000308aef6,40,2017-02-27 00:00:00,True,31_189,31
1250,190,581b08041a0ef8000308aef6,73,2017-02-28 00:00:00,True,31_190,31
1251,191,581b08041a0ef8000308aef6,70,2017-02-27 00:00:00,True,31_191,31
1253,193,581b08041a0ef8000308aef6,72,2017-02-27 19:25:14,True,31_193,31
1254,194,581b08041a0ef8000308aef6,22,2017-02-09 17:30:33,True,31_194,31
1258,199,581b08041a0ef8000308aef6,34,2017-02-24 00:00:00,True,31_199,31
1260,201,581b08041a0ef8000308aef6,73,2017-02-19 00:00:00,True,31_201,31
1265,209,581b08041a0ef8000308aef6,18,2017-02-06 00:00:00,True,31_209,31
1268,1,574c423856b6300003009953,123,2017-03-20 12:13:38,True,17_1,17
1270,2,574c423856b6300003009953,95,2017-03-17 00:00:00,True,17_2,17
1272,3,574c423856b6300003009953,49,2017-02-02 00:00:00,True,17_3,17
1274,4,574c423856b6300003009953,96,2017-03-20 00:00:00,True,17_4,17
1276,5,574c423856b6300003009953,111,2017-03-20 00:00:00,True,17_5,17
1278,6,574c423856b6300003009953,144,2017-03-20 00:00:00,True,17_6,17
1280,7,574c423856b6300003009953,199,2017-03-19 00:00:00,True,17_7,17
1282,8,574c423856b6300003009953,181,2017-03-20 00:00:00,True,17_8,17
1294,14,574c423856b6300003009953,15,2017-03-03 00:00:00,True,17_14,17
1296,15,574c423856b6300003009953,124,2017-03-19 08:28:23,True,17_15,17
1301,19,574c423856b6300003009953,105,2017-03-18 00:00:00,True,17_19,17
1304,22,574c423856b6300003009953,109,2017-03-20 00:00:00,True,17_22,17
1306,25,574c423856b6300003009953,32,2017-03-15 17:30:57,True,17_25,17
1307,26,574c423856b6300003009953,51,2017-03-17 14:13:21,True,17_26,17
1308,27,574c423856b6300003009953,105,2017-03-20 17:45:09,True,17_27,17
1312,34,574c423856b6300003009953,134,2017-03-20 17:45:09,True,17_34,17
1313,36,574c423856b6300003009953,91,2017-03-20 00:00:00,True,17_36,17
1314,37,574c423856b6300003009953,32,2017-03-06 00:00:00,True,17_37,17
1315,39,574c423856b6300003009953,32,2017-02-24 13:16:06,True,17_39,17
1316,40,574c423856b6300003009953,76,2017-02-28 13:03:28,True,17_40,17
1318,42,574c423856b6300003009953,34,2017-03-17 00:00:00,True,17_42,17
1320,45,574c423856b6300003009953,185,2017-03-20 12:13:38,True,17_45,17
1323,53,574c423856b6300003009953,82,2017-03-17 00:00:00,True,17_53,17
1325,55,574c423856b6300003009953,33,2017-03-16 00:00:00,True,17_55,17
1332,68,574c423856b6300003009953,116,2017-03-17 14:13:21,True,17_68,17
1333,69,574c423856b6300003009953,114,2017-03-20 00:00:00,True,17_69,17
1334,71,574c423856b6300003009953,27,2017-03-06 00:00:00,True,17_71,17
1337,75,574c423856b6300003009953,119,2017-03-17 00:00:00,True,17_75,17
1339,78,574c423856b6300003009953,83,2017-03-17 13:19:07,True,17_78,17
1341,80,574c423856b6300003009953,99,2017-03-20 00:00:00,True,17_80,17
1343,83,574c423856b6300003009953,28,2017-03-07 00:00:00,True,17_83,17
1345,85,574c423856b6300003009953,67,2017-03-20 00:00:00,True,17_85,17
1346,87,574c423856b6300003009953,166,2017-03-20 00:00:00,True,17_87,17
1348,89,574c423856b6300003009953,15,2017-03-11 00:00:00,True,17_89,17
1351,92,574c423856b6300003009953,60,2017-03-17 00:00:00,True,17_92,17
1353,96,574c423856b6300003009953,141,2017-03-17 14:13:21,True,17_96,17
1354,97,574c423856b6300003009953,79,2017-03-10 00:00:00,True,17_97,17
1355,98,574c423856b6300003009953,112,2017-03-19 00:00:00,True,17_98,17
1356,100,574c423856b6300003009953,78,2017-03-17 00:00:00,True,17_100,17
1358,102,574c423856b6300003009953,65,2017-03-16 00:00:00,True,17_102,17
1359,104,574c423856b6300003009953,61,2017-03-20 00:00:00,True,17_104,17
1361,109,574c423856b6300003009953,106,2017-03-20 00:00:00,True,17_109,17
1363,113,574c423856b6300003009953,57,2017-03-20 00:00:00,True,17_113,17
1364,114,574c423856b6300003009953,36,2017-03-20 00:00:00,True,17_114,17
1365,115,574c423856b6300003009953,89,2017-03-06 00:00:00,True,17_115,17
1367,117,574c423856b6300003009953,51,2017-03-16 00:00:00,True,17_117,17
1368,118,574c423856b6300003009953,88,2017-03-17 14:13:21,True,17_118,17
1371,125,574c423856b6300003009953,18,2017-02-13 10:26:30,True,17_125,17
1375,129,574c423856b6300003009953,22,2017-03-06 13:35:09,True,17_129,17
1376,130,574c423856b6300003009953,130,2017-03-18 00:00:00,True,17_130,17
1377,131,574c423856b6300003009953,25,2017-03-09 14:39:02,True,17_131,17
1379,133,574c423856b6300003009953,116,2017-03-20 00:00:00,True,17_133,17
1382,136,574c423856b6300003009953,120,2017-03-20 00:00:00,True,17_136,17
1391,146,574c423856b6300003009953,26,2017-03-20 00:00:00,True,17_146,17
1392,147,574c423856b6300003009953,120,2017-03-19 00:00:00,True,17_147,17
1421,1,57908a2622881200033b34d7,113,2017-03-20 00:00:00,True,19_1,19
1423,2,57908a2622881200033b34d7,33,2017-02-23 13:01:07,True,19_2,19
1425,3,57908a2622881200033b34d7,45,2017-03-17 00:00:00,True,19_3,19
1433,8,57908a2622881200033b34d7,110,2017-03-20 08:16:03,True,19_8,19
1434,9,57908a2622881200033b34d7,86,2017-03-17 14:09:02,True,19_9,19
1471,79,57908a2622881200033b34d7,45,2017-03-17 00:00:00,True,19_79,19
1478,4,54e52607e4b01191dc064966,188,2017-03-18 00:00:00,True,4_4,4
1498,66,54e52607e4b01191dc064966,0,2017-03-17 14:11:50,False,4_66,4
1505,19,54e52607e4b01191dc064966,321,2017-03-19 00:00:00,True,4_19,4
1509,21,54e52607e4b01191dc064966,104,2017-03-14 09:27:46,True,4_21,4
1511,22,54e52607e4b01191dc064966,13,2017-03-13 00:00:00,True,4_22,4
1515,24,54e52607e4b01191dc064966,247,2017-03-20 00:00:00,True,4_24,4
1523,28,54e52607e4b01191dc064966,328,2017-03-16 00:00:00,False,4_28,4
1529,31,54e52607e4b01191dc064966,195,2017-03-20 00:00:00,True,4_31,4
1543,38,54e52607e4b01191dc064966,687,2017-02-01 00:00:00,False,4_38,4
1555,44,54e52607e4b01191dc064966,439,2017-03-18 12:56:42,True,4_44,4
1561,47,54e52607e4b01191dc064966,282,2017-03-20 00:00:00,True,4_47,4
1569,51,54e52607e4b01191dc064966,409,2017-03-20 00:00:00,False,4_51,4
1571,52,54e52607e4b01191dc064966,183,2017-03-20 00:00:00,True,4_52,4
1577,55,54e52607e4b01191dc064966,153,2017-03-19 00:00:00,False,4_55,4
1579,56,54e52607e4b01191dc064966,64,2017-03-20 00:00:00,True,4_56,4
1583,58,54e52607e4b01191dc064966,53,2017-03-17 00:00:00,True,4_58,4
1594,64,54e52607e4b01191dc064966,160,2017-03-20 00:00:00,False,4_64,4
1597,66,54e52607e4b01191dc064966,99,2017-03-18 00:00:00,False,4_66,4
1599,67,54e52607e4b01191dc064966,283,2017-03-20 00:00:00,True,4_67,4
1611,73,54e52607e4b01191dc064966,408,2017-03-20 00:00:00,True,4_73,4
1621,78,54e52607e4b01191dc064966,411,2017-03-20 00:00:00,False,4_78,4
1625,80,54e52607e4b01191dc064966,88,2017-03-20 00:00:00,True,4_80,4
1629,82,54e52607e4b01191dc064966,262,2017-03-20 06:28:51,True,4_82,4
1634,85,54e52607e4b01191dc064966,235,2017-03-20 11:53:20,True,4_85,4
1636,86,54e52607e4b01191dc064966,218,2017-03-19 00:00:00,True,4_86,4
1640,88,54e52607e4b01191dc064966,208,2017-03-20 11:53:20,True,4_88,4
1644,90,54e52607e4b01191dc064966,138,2017-03-19 00:00:00,True,4_90,4
1648,92,54e52607e4b01191dc064966,69,2017-03-20 00:00:00,True,4_92,4
1650,93,54e52607e4b01191dc064966,55,2017-03-16 07:32:27,True,4_93,4
1659,98,54e52607e4b01191dc064966,183,2017-03-20 00:00:00,True,4_98,4
1665,101,54e52607e4b01191dc064966,688,2017-03-20 11:53:20,True,4_101,4
1669,103,54e52607e4b01191dc064966,72,2017-03-20 00:00:00,True,4_103,4
1683,110,54e52607e4b01191dc064966,500,2017-03-20 17:02:49,True,4_110,4
1687,112,54e52607e4b01191dc064966,558,2017-03-20 00:00:00,True,4_112,4
1697,117,54e52607e4b01191dc064966,526,2017-03-20 00:00:00,True,4_117,4
1720,129,54e52607e4b01191dc064966,493,2017-03-20 00:00:00,True,4_129,4
1722,130,54e52607e4b01191dc064966,252,2017-03-20 00:00:00,True,4_130,4
1726,132,54e52607e4b01191dc064966,335,2017-02-09 00:00:00,True,4_132,4
1743,141,54e52607e4b01191dc064966,178,2017-02-06 00:00:00,True,4_141,4
1747,143,54e52607e4b01191dc064966,381,2017-01-02 00:00:00,False,4_143,4
1753,146,54e52607e4b01191dc064966,488,2017-01-31 12:56:38,False,4_146,4
1755,147,54e52607e4b01191dc064966,389,2017-03-20 00:00:00,True,4_147,4
1757,148,54e52607e4b01191dc064966,435,2017-03-06 00:00:00,False,4_148,4
1759,149,54e52607e4b01191dc064966,159,2017-03-13 06:43:59,True,4_149,4
1762,151,54e52607e4b01191dc064966,74,2017-02-06 00:00:00,True,4_151,4
1766,153,54e52607e4b01191dc064966,280,2017-03-15 00:00:00,True,4_153,4
1772,156,54e52607e4b01191dc064966,428,2017-03-17 00:00:00,True,4_156,4
1774,157,54e52607e4b01191dc064966,131,2017-03-20 11:53:20,True,4_157,4
1776,158,54e52607e4b01191dc064966,26,2017-01-25 10:13:10,True,4_158,4
1784,162,54e52607e4b01191dc064966,109,2017-03-20 00:00:00,True,4_162,4
1790,165,54e52607e4b01191dc064966,254,2017-03-20 09:41:33,True,4_165,4
1801,171,54e52607e4b01191dc064966,29,2017-03-02 00:00:00,True,4_171,4
1805,173,54e52607e4b01191dc064966,220,2017-01-25 00:00:00,True,4_173,4
1807,174,54e52607e4b01191dc064966,452,2017-03-20 00:00:00,True,4_174,4
1812,177,54e52607e4b01191dc064966,455,2017-03-20 00:00:00,True,4_177,4
1819,181,54e52607e4b01191dc064966,216,2017-03-15 11:15:43,True,4_181,4
1827,185,54e52607e4b01191dc064966,24,2017-01-26 08:15:31,True,4_185,4
1841,194,54e52607e4b01191dc064966,467,2017-03-18 00:00:00,True,4_194,4
1845,196,54e52607e4b01191dc064966,30,2017-03-14 09:27:46,True,4_196,4
1849,198,54e52607e4b01191dc064966,80,2017-03-20 00:00:00,True,4_198,4
1854,201,54e52607e4b01191dc064966,56,2017-03-15 00:00:00,True,4_201,4
1860,204,54e52607e4b01191dc064966,329,2017-03-20 11:53:20,True,4_204,4
1862,205,54e52607e4b01191dc064966,319,2017-02-21 10:45:44,True,4_205,4
1866,207,54e52607e4b01191dc064966,83,2017-02-21 00:00:00,True,4_207,4
1868,208,54e52607e4b01191dc064966,480,2017-03-19 00:00:00,True,4_208,4
1870,209,54e52607e4b01191dc064966,354,2017-03-15 05:55:27,True,4_209,4
1877,213,54e52607e4b01191dc064966,152,2017-03-20 00:00:00,False,4_213,4
1879,214,54e52607e4b01191dc064966,287,2017-03-20 00:00:00,False,4_214,4
1881,215,54e52607e4b01191dc064966,132,2017-03-18 00:00:00,True,4_215,4
1887,219,54e52607e4b01191dc064966,740,2017-03-20 05:45:53,True,4_219,4
1901,237,54e52607e4b01191dc064966,141,2017-03-16 00:00:00,True,4_237,4
1915,255,54e52607e4b01191dc064966,189,2017-03-20 00:00:00,True,4_255,4
1922,263,54e52607e4b01191dc064966,60,2017-03-09 15:36:34,True,4_263,4
1925,267,54e52607e4b01191dc064966,156,2017-02-22 13:39:23,True,4_267,4
1928,270,54e52607e4b01191dc064966,244,2017-03-20 17:02:49,True,4_270,4
1940,289,54e52607e4b01191dc064966,22,2017-01-30 00:00:00,True,4_289,4
1943,293,54e52607e4b01191dc064966,296,2017-03-16 00:00:00,True,4_293,4
1945,295,54e52607e4b01191dc064966,284,2017-03-20 00:00:00,True,4_295,4
1964,333,54e52607e4b01191dc064966,22,2017-02-08 00:00:00,True,4_333,4
2011,433,54e52607e4b01191dc064966,28,2017-02-01 00:00:00,False,4_433,4
2022,461,54e52607e4b01191dc064966,325,2017-03-19 00:00:00,True,4_461,4
2024,464,54e52607e4b01191dc064966,319,2017-02-10 09:41:15,True,4_464,4
2027,467,54e52607e4b01191dc064966,91,2017-03-16 07:52:07,True,4_467,4
2034,475,54e52607e4b01191dc064966,492,2017-03-20 11:53:20,True,4_475,4
2035,478,54e52607e4b01191dc064966,16,2017-03-17 00:00:00,True,4_478,4
2036,479,54e52607e4b01191dc064966,80,2017-03-17 00:00:00,True,4_479,4
2038,483,54e52607e4b01191dc064966,221,2017-03-10 15:43:42,True,4_483,4
2045,491,54e52607e4b01191dc064966,130,2017-03-20 00:00:00,True,4_491,4
2046,492,54e52607e4b01191dc064966,325,2017-03-16 07:52:07,True,4_492,4
2051,499,54e52607e4b01191dc064966,162,2017-03-20 06:28:51,True,4_499,4
2052,500,54e52607e4b01191dc064966,212,2017-03-08 00:00:00,True,4_500,4
2058,551,54e52607e4b01191dc064966,151,2017-02-22 06:29:00,True,4_551,4
2066,561,54e52607e4b01191dc064966,230,2017-03-20 09:09:02,True,4_561,4
2067,562,54e52607e4b01191dc064966,31,2017-03-20 11:53:20,True,4_562,4
2071,567,54e52607e4b01191dc064966,19,2017-03-11 00:00:00,True,4_567,4
2074,571,54e52607e4b01191dc064966,80,2017-03-14 11:33:05,True,4_571,4
2080,580,54e52607e4b01191dc064966,93,2017-03-16 00:00:00,True,4_580,4
2081,581,54e52607e4b01191dc064966,154,2017-03-20 00:00:00,True,4_581,4
2084,594,54e52607e4b01191dc064966,209,2017-03-20 00:00:00,True,4_594,4
2086,596,54e52607e4b01191dc064966,131,2017-03-15 05:55:27,True,4_596,4
2087,598,54e52607e4b01191dc064966,31,2017-03-17 07:16:16,True,4_598,4
2093,613,54e52607e4b01191dc064966,217,2017-03-20 06:28:51,True,4_613,4
2100,622,54e52607e4b01191dc064966,190,2017-03-20 00:00:00,True,4_622,4
2102,624,54e52607e4b01191dc064966,253,2017-03-20 00:00:00,True,4_624,4
2108,634,54e52607e4b01191dc064966,162,2017-03-20 09:09:02,True,4_634,4
2121,662,54e52607e4b01191dc064966,127,2017-03-20 00:00:00,True,4_662,4
2129,679,54e52607e4b01191dc064966,48,2017-03-14 00:00:00,True,4_679,4
2130,681,54e52607e4b01191dc064966,93,2017-03-11 20:23:02,True,4_681,4
2139,742,54e52607e4b01191dc064966,44,2017-02-23 11:09:24,True,4_742,4
2141,744,54e52607e4b01191dc064966,36,2017-03-15 00:00:00,True,4_744,4
2148,764,54e52607e4b01191dc064966,40,2017-03-17 00:00:00,True,4_764,4
2151,768,54e52607e4b01191dc064966,245,2017-03-20 11:53:20,True,4_768,4
2154,775,54e52607e4b01191dc064966,233,2017-03-20 00:00:00,True,4_775,4
2162,819,54e52607e4b01191dc064966,275,2017-03-20 09:09:02,True,4_819,4
2166,825,54e52607e4b01191dc064966,251,2017-03-19 00:00:00,True,4_825,4
2168,827,54e52607e4b01191dc064966,187,2017-03-20 00:00:00,True,4_827,4
2174,839,54e52607e4b01191dc064966,141,2017-03-18 00:00:00,True,4_839,4
2184,862,54e52607e4b01191dc064966,92,2017-03-20 11:53:20,True,4_862,4
2186,864,54e52607e4b01191dc064966,85,2017-03-14 00:00:00,True,4_864,4
2192,871,54e52607e4b01191dc064966,193,2017-03-20 00:00:00,True,4_871,4
2193,872,54e52607e4b01191dc064966,87,2017-03-19 00:00:00,True,4_872,4
2195,875,54e52607e4b01191dc064966,171,2017-02-24 00:00:00,True,4_875,4
2198,883,54e52607e4b01191dc064966,8,2017-02-28 12:13:03,True,4_883,4
2234,949,54e52607e4b01191dc064966,241,2017-03-20 09:41:33,True,4_949,4
2244,964,54e52607e4b01191dc064966,231,2017-03-20 17:02:49,True,4_964,4
2245,966,54e52607e4b01191dc064966,45,2017-01-05 00:00:00,True,4_966,4
2246,967,54e52607e4b01191dc064966,101,2017-03-08 17:36:44,True,4_967,4
2249,970,54e52607e4b01191dc064966,36,2017-02-06 18:03:02,True,4_970,4
2258,996,54e52607e4b01191dc064966,20,2017-03-15 00:00:00,True,4_996,4
2260,999,54e52607e4b01191dc064966,20,2017-02-26 00:00:00,True,4_999,4
2261,1,57dd2d6a4018d9000339ca43,34,2017-03-07 00:00:00,True,26_1,26
2265,3,57dd2d6a4018d9000339ca43,134,2017-03-20 00:00:00,True,26_3,26
2267,4,57dd2d6a4018d9000339ca43,22,2017-03-09 00:30:45,True,26_4,26
2270,6,57dd2d6a4018d9000339ca43,12,2017-01-02 00:00:00,True,26_6,26
2276,10,57dd2d6a4018d9000339ca43,27,2017-03-13 00:00:00,True,26_10,26
2281,13,57dd2d6a4018d9000339ca43,37,2017-03-10 00:00:00,True,26_13,26
2284,15,57dd2d6a4018d9000339ca43,33,2017-02-24 00:00:00,True,26_15,26
2290,19,57dd2d6a4018d9000339ca43,134,2017-03-19 00:00:00,True,26_19,26
2292,22,57dd2d6a4018d9000339ca43,18,2017-03-20 00:00:00,True,26_22,26
2294,29,57dd2d6a4018d9000339ca43,47,2017-03-18 00:00:00,True,26_29,26
2295,31,57dd2d6a4018d9000339ca43,40,2017-03-20 00:00:00,True,26_31,26
2296,33,57dd2d6a4018d9000339ca43,115,2017-03-20 00:00:00,True,26_33,26
2297,35,57dd2d6a4018d9000339ca43,76,2017-03-19 10:04:38,True,26_35,26
2300,38,57dd2d6a4018d9000339ca43,43,2017-03-05 00:00:00,True,26_38,26
2302,41,57dd2d6a4018d9000339ca43,84,2017-03-20 00:00:00,True,26_41,26
2306,45,57dd2d6a4018d9000339ca43,176,2017-03-20 18:17:02,True,26_45,26
2308,48,57dd2d6a4018d9000339ca43,39,2017-02-20 00:00:00,True,26_48,26
2311,57,57dd2d6a4018d9000339ca43,90,2017-03-20 00:00:00,True,26_57,26
2312,58,57dd2d6a4018d9000339ca43,57,2017-03-20 00:00:00,True,26_58,26
2314,62,57dd2d6a4018d9000339ca43,147,2017-03-20 00:00:00,True,26_62,26
2316,67,57dd2d6a4018d9000339ca43,42,2017-01-09 00:00:00,True,26_67,26
2320,72,57dd2d6a4018d9000339ca43,116,2017-03-19 00:00:00,True,26_72,26
2323,80,57dd2d6a4018d9000339ca43,141,2017-03-20 00:00:00,True,26_80,26
2325,82,57dd2d6a4018d9000339ca43,128,2017-03-01 00:00:00,True,26_82,26
2326,83,57dd2d6a4018d9000339ca43,183,2017-03-20 00:00:00,True,26_83,26
2328,86,57dd2d6a4018d9000339ca43,40,2017-01-13 15:30:16,True,26_86,26
2330,89,57dd2d6a4018d9000339ca43,158,2017-03-20 00:00:00,True,26_89,26
2332,92,57dd2d6a4018d9000339ca43,137,2017-03-19 10:04:38,True,26_92,26
2339,104,57dd2d6a4018d9000339ca43,49,2016-12-30 20:22:46,True,26_104,26
2341,106,57dd2d6a4018d9000339ca43,176,2017-03-20 00:00:00,True,26_106,26
2345,111,57dd2d6a4018d9000339ca43,47,2017-02-25 00:00:00,True,26_111,26
2346,112,57dd2d6a4018d9000339ca43,60,2017-03-18 00:00:00,True,26_112,26
2348,114,57dd2d6a4018d9000339ca43,159,2017-03-20 00:00:00,True,26_114,26
2352,118,57dd2d6a4018d9000339ca43,45,2017-03-20 00:00:00,True,26_118,26
2355,124,57dd2d6a4018d9000339ca43,46,2017-03-17 00:00:00,True,26_124,26
2356,125,57dd2d6a4018d9000339ca43,87,2017-03-16 17:30:24,True,26_125,26
2357,126,57dd2d6a4018d9000339ca43,85,2017-03-20 00:00:00,True,26_126,26
2360,131,57dd2d6a4018d9000339ca43,89,2017-03-18 00:00:00,True,26_131,26
2365,136,57dd2d6a4018d9000339ca43,28,2017-02-20 00:00:00,True,26_136,26
2366,137,57dd2d6a4018d9000339ca43,51,2017-03-20 00:00:00,True,26_137,26
2368,139,57dd2d6a4018d9000339ca43,115,2017-03-19 10:04:38,True,26_139,26
2371,142,57dd2d6a4018d9000339ca43,61,2017-03-18 00:00:00,True,26_142,26
2373,144,57dd2d6a4018d9000339ca43,92,2017-03-18 10:54:09,True,26_144,26
2386,158,57dd2d6a4018d9000339ca43,111,2017-03-20 00:00:00,True,26_158,26
2388,161,57dd2d6a4018d9000339ca43,164,2017-03-20 00:00:00,True,26_161,26
2391,166,57dd2d6a4018d9000339ca43,117,2017-03-20 00:00:00,True,26_166,26
2394,169,57dd2d6a4018d9000339ca43,168,2017-03-20 00:00:00,True,26_169,26
2395,170,57dd2d6a4018d9000339ca43,122,2017-03-20 18:17:02,True,26_170,26
2396,171,57dd2d6a4018d9000339ca43,43,2017-03-18 00:00:00,True,26_171,26
2397,172,57dd2d6a4018d9000339ca43,47,2017-03-01 00:00:00,True,26_172,26
2400,175,57dd2d6a4018d9000339ca43,25,2017-03-11 00:00:00,True,26_175,26
2404,180,57dd2d6a4018d9000339ca43,144,2017-03-20 00:00:00,True,26_180,26
2408,185,57dd2d6a4018d9000339ca43,138,2017-03-20 00:00:00,True,26_185,26
2410,187,57dd2d6a4018d9000339ca43,118,2017-03-18 00:00:00,True,26_187,26
2411,188,57dd2d6a4018d9000339ca43,109,2017-03-19 00:00:00,True,26_188,26
2413,191,57dd2d6a4018d9000339ca43,43,2017-03-16 17:30:24,True,26_191,26
2420,201,57dd2d6a4018d9000339ca43,152,2017-03-20 00:00:00,True,26_201,26
2421,202,57dd2d6a4018d9000339ca43,116,2017-03-20 00:00:00,True,26_202,26
2423,204,57dd2d6a4018d9000339ca43,28,2017-03-08 00:00:00,True,26_204,26
2428,210,57dd2d6a4018d9000339ca43,93,2017-03-20 00:00:00,True,26_210,26
2429,211,57dd2d6a4018d9000339ca43,62,2017-02-02 00:00:00,True,26_211,26
2432,218,57dd2d6a4018d9000339ca43,89,2017-03-18 00:00:00,True,26_218,26
2437,224,57dd2d6a4018d9000339ca43,132,2017-03-20 00:00:00,True,26_224,26
2442,232,57dd2d6a4018d9000339ca43,81,2017-03-20 00:00:00,True,26_232,26
2447,240,57dd2d6a4018d9000339ca43,15,2017-01-09 00:00:00,True,26_240,26
2450,246,57dd2d6a4018d9000339ca43,137,2017-03-20 00:00:00,True,26_246,26
2453,251,57dd2d6a4018d9000339ca43,122,2017-03-20 00:00:00,True,26_251,26
2454,253,57dd2d6a4018d9000339ca43,165,2017-03-20 00:00:00,True,26_253,26
2455,254,57dd2d6a4018d9000339ca43,22,2017-02-20 00:00:00,True,26_254,26
2457,258,57dd2d6a4018d9000339ca43,7,2017-02-04 09:33:44,True,26_258,26
2458,261,57dd2d6a4018d9000339ca43,120,2017-03-20 00:00:00,True,26_261,26
2459,262,57dd2d6a4018d9000339ca43,70,2017-03-20 00:00:00,True,26_262,26
2460,263,57dd2d6a4018d9000339ca43,18,2017-03-15 00:00:00,True,26_263,26
2462,266,57dd2d6a4018d9000339ca43,74,2017-03-17 00:00:00,True,26_266,26
2464,268,57dd2d6a4018d9000339ca43,165,2017-03-20 00:00:00,True,26_268,26
2466,271,57dd2d6a4018d9000339ca43,176,2017-03-20 00:00:00,True,26_271,26
2467,273,57dd2d6a4018d9000339ca43,75,2017-01-18 00:00:00,True,26_273,26
2470,277,57dd2d6a4018d9000339ca43,47,2017-03-18 00:31:35,True,26_277,26
2475,286,57dd2d6a4018d9000339ca43,75,2017-03-19 00:00:00,True,26_286,26
2477,288,57dd2d6a4018d9000339ca43,112,2017-03-20 00:00:00,True,26_288,26
2478,291,57dd2d6a4018d9000339ca43,163,2017-03-20 00:00:00,True,26_291,26
2480,293,57dd2d6a4018d9000339ca43,77,2017-03-06 00:00:00,True,26_293,26
2481,299,57dd2d6a4018d9000339ca43,140,2017-03-20 00:00:00,True,26_299,26
2482,300,57dd2d6a4018d9000339ca43,128,2017-03-20 00:00:00,True,26_300,26
2487,307,57dd2d6a4018d9000339ca43,33,2017-02-06 00:00:00,True,26_307,26
2489,310,57dd2d6a4018d9000339ca43,69,2017-03-15 00:00:00,True,26_310,26
2490,311,57dd2d6a4018d9000339ca43,105,2017-03-19 10:04:38,True,26_311,26
2493,315,57dd2d6a4018d9000339ca43,19,2017-03-17 20:16:09,True,26_315,26
2494,316,57dd2d6a4018d9000339ca43,89,2017-03-20 00:00:00,True,26_316,26
2499,1,57d979b72a040a00036a8925,25,2017-03-08 16:00:39,True,25_1,25
2500,3,57d979b72a040a00036a8925,35,2017-03-19 09:18:12,True,25_3,25
2502,5,57d979b72a040a00036a8925,11,2017-02-01 11:16:03,True,25_5,25
2517,1,5641f96713664c000332c8cd,257,2017-03-19 00:00:00,True,6_1,6
2518,425,5641f96713664c000332c8cd,0,2017-03-19 22:18:54,False,6_425,6
2519,2,5641f96713664c000332c8cd,66,2017-03-20 16:01:33,True,6_2,6
2523,4,5641f96713664c000332c8cd,260,2017-03-20 00:00:00,True,6_4,6
2525,6,5641f96713664c000332c8cd,259,2017-03-19 18:53:32,True,6_6,6
2527,8,5641f96713664c000332c8cd,320,2017-03-20 00:00:00,True,6_8,6
2528,9,5641f96713664c000332c8cd,142,2017-03-16 00:00:00,True,6_9,6
2529,10,5641f96713664c000332c8cd,111,2017-03-20 16:01:33,True,6_10,6
2530,11,5641f96713664c000332c8cd,155,2017-03-14 22:09:13,True,6_11,6
2531,12,5641f96713664c000332c8cd,282,2017-03-20 00:00:00,True,6_12,6
2532,13,5641f96713664c000332c8cd,269,2017-03-20 16:01:33,True,6_13,6
2534,15,5641f96713664c000332c8cd,228,2017-02-19 19:33:17,True,6_15,6
2535,16,5641f96713664c000332c8cd,196,2017-03-19 00:00:00,True,6_16,6
2538,19,5641f96713664c000332c8cd,320,2017-03-20 16:01:33,True,6_19,6
2541,22,5641f96713664c000332c8cd,262,2017-03-20 00:00:00,True,6_22,6
2542,23,5641f96713664c000332c8cd,325,2017-03-20 16:01:33,True,6_23,6
2544,42,5641f96713664c000332c8cd,296,2017-03-20 00:00:00,True,6_42,6
2545,45,5641f96713664c000332c8cd,300,2017-03-20 00:00:00,True,6_45,6
2548,48,5641f96713664c000332c8cd,183,2017-03-20 16:01:33,True,6_48,6
2549,49,5641f96713664c000332c8cd,174,2017-03-20 16:01:33,True,6_49,6
2551,51,5641f96713664c000332c8cd,84,2017-03-18 00:00:00,True,6_51,6
2556,59,5641f96713664c000332c8cd,148,2017-03-10 00:00:00,True,6_59,6
2557,60,5641f96713664c000332c8cd,124,2017-03-19 00:00:00,True,6_60,6
2558,61,5641f96713664c000332c8cd,185,2017-02-16 00:00:00,True,6_61,6
2559,62,5641f96713664c000332c8cd,205,2017-02-20 18:13:19,True,6_62,6
2561,65,5641f96713664c000332c8cd,222,2017-03-18 18:44:28,True,6_65,6
2562,66,5641f96713664c000332c8cd,13,2017-03-01 00:00:00,True,6_66,6
2564,68,5641f96713664c000332c8cd,24,2017-02-09 00:00:00,True,6_68,6
2567,71,5641f96713664c000332c8cd,150,2017-03-15 00:00:00,True,6_71,6
2569,78,5641f96713664c000332c8cd,284,2017-03-20 16:01:33,True,6_78,6
2570,79,5641f96713664c000332c8cd,76,2017-03-16 00:00:00,True,6_79,6
2572,81,5641f96713664c000332c8cd,210,2017-03-20 16:01:33,True,6_81,6
2575,87,5641f96713664c000332c8cd,130,2016-12-27 00:00:00,False,6_87,6
2576,88,5641f96713664c000332c8cd,71,2017-03-02 16:54:09,True,6_88,6
2578,91,5641f96713664c000332c8cd,57,2017-03-20 00:00:00,True,6_91,6
2579,92,5641f96713664c000332c8cd,134,2017-03-20 00:00:00,True,6_92,6
2581,94,5641f96713664c000332c8cd,45,2017-03-16 00:00:00,True,6_94,6
2582,95,5641f96713664c000332c8cd,107,2017-03-19 18:53:32,True,6_95,6
2583,96,5641f96713664c000332c8cd,12,2017-03-14 00:00:00,True,6_96,6
2584,98,5641f96713664c000332c8cd,45,2017-03-20 00:00:00,True,6_98,6
2586,101,5641f96713664c000332c8cd,237,2017-03-19 00:00:00,True,6_101,6
2587,102,5641f96713664c000332c8cd,165,2017-03-20 00:00:00,True,6_102,6
2593,110,5641f96713664c000332c8cd,44,2017-02-02 00:00:00,True,6_110,6
2594,112,5641f96713664c000332c8cd,36,2017-02-02 00:00:00,True,6_112,6
2597,116,5641f96713664c000332c8cd,25,2017-03-15 00:00:00,True,6_116,6
2600,121,5641f96713664c000332c8cd,17,2017-03-17 16:20:24,True,6_121,6
2601,122,5641f96713664c000332c8cd,222,2017-03-20 00:00:00,True,6_122,6
2604,126,5641f96713664c000332c8cd,168,2017-03-20 16:01:33,True,6_126,6
2605,127,5641f96713664c000332c8cd,151,2017-03-17 00:00:00,True,6_127,6
2606,128,5641f96713664c000332c8cd,225,2017-03-20 00:00:00,True,6_128,6
2608,135,5641f96713664c000332c8cd,96,2017-03-02 00:00:00,True,6_135,6
2609,136,5641f96713664c000332c8cd,111,2017-03-13 17:34:58,True,6_136,6
2613,140,5641f96713664c000332c8cd,73,2017-03-19 00:00:00,True,6_140,6
2616,143,5641f96713664c000332c8cd,68,2017-03-19 00:00:00,True,6_143,6
2617,145,5641f96713664c000332c8cd,87,2017-01-29 00:00:00,True,6_145,6
2619,147,5641f96713664c000332c8cd,246,2017-03-20 00:00:00,True,6_147,6
2620,148,5641f96713664c000332c8cd,296,2017-03-20 16:01:33,True,6_148,6
2621,149,5641f96713664c000332c8cd,157,2017-03-20 00:00:00,True,6_149,6
2624,152,5641f96713664c000332c8cd,15,2017-02-11 00:00:00,True,6_152,6
2625,153,5641f96713664c000332c8cd,51,2017-03-20 00:00:00,True,6_153,6
2626,154,5641f96713664c000332c8cd,13,2017-02-05 00:00:00,True,6_154,6
2627,155,5641f96713664c000332c8cd,41,2017-02-26 00:00:00,True,6_155,6
2628,156,5641f96713664c000332c8cd,275,2017-03-20 16:01:33,True,6_156,6
2630,159,5641f96713664c000332c8cd,119,2017-03-17 00:00:00,True,6_159,6
2632,161,5641f96713664c000332c8cd,170,2017-03-20 16:01:33,True,6_161,6
2633,162,5641f96713664c000332c8cd,83,2017-03-20 00:00:00,True,6_162,6
2634,164,5641f96713664c000332c8cd,35,2017-03-18 00:00:00,True,6_164,6
2635,165,5641f96713664c000332c8cd,306,2017-03-20 00:00:00,True,6_165,6
2636,166,5641f96713664c000332c8cd,178,2017-02-27 13:19:06,False,6_166,6
2637,167,5641f96713664c000332c8cd,205,2017-02-13 11:16:12,False,6_167,6
2641,174,5641f96713664c000332c8cd,222,2017-03-20 00:00:00,True,6_174,6
2643,176,5641f96713664c000332c8cd,208,2017-03-01 00:00:00,False,6_176,6
2645,178,5641f96713664c000332c8cd,39,2017-02-25 00:00:00,True,6_178,6
2651,184,5641f96713664c000332c8cd,44,2016-12-31 00:00:00,True,6_184,6
2652,187,5641f96713664c000332c8cd,151,2017-03-19 00:00:00,True,6_187,6
2653,189,5641f96713664c000332c8cd,133,2017-02-27 13:19:06,False,6_189,6
2654,191,5641f96713664c000332c8cd,181,2017-03-20 16:01:33,True,6_191,6
2655,192,5641f96713664c000332c8cd,108,2017-02-28 00:00:00,True,6_192,6
2656,194,5641f96713664c000332c8cd,28,2017-03-16 00:00:00,True,6_194,6
2660,201,5641f96713664c000332c8cd,111,2017-02-19 00:00:00,True,6_201,6
2661,202,5641f96713664c000332c8cd,273,2017-03-20 00:00:00,True,6_202,6
2662,207,5641f96713664c000332c8cd,218,2017-02-01 00:07:22,True,6_207,6
2664,210,5641f96713664c000332c8cd,121,2017-03-16 00:00:00,True,6_210,6
2668,219,5641f96713664c000332c8cd,238,2017-03-20 16:01:33,True,6_219,6
2671,223,5641f96713664c000332c8cd,73,2017-03-18 08:29:27,True,6_223,6
2674,229,5641f96713664c000332c8cd,150,2017-03-20 00:00:00,True,6_229,6
2676,232,5641f96713664c000332c8cd,59,2017-03-15 00:00:00,True,6_232,6
2680,239,5641f96713664c000332c8cd,203,2017-03-20 16:01:33,True,6_239,6
2683,242,5641f96713664c000332c8cd,123,2017-02-27 16:35:24,True,6_242,6
2684,243,5641f96713664c000332c8cd,27,2017-02-25 00:00:00,True,6_243,6
2686,245,5641f96713664c000332c8cd,283,2017-03-20 00:00:00,True,6_245,6
2690,250,5641f96713664c000332c8cd,152,2017-03-20 00:00:00,True,6_250,6
2694,258,5641f96713664c000332c8cd,47,2017-02-06 21:39:53,True,6_258,6
2698,264,5641f96713664c000332c8cd,36,2017-02-12 00:00:00,False,6_264,6
2701,267,5641f96713664c000332c8cd,32,2017-03-10 00:00:00,True,6_267,6
2702,268,5641f96713664c000332c8cd,169,2017-03-20 00:00:00,True,6_268,6
2703,269,5641f96713664c000332c8cd,102,2017-03-20 00:00:00,True,6_269,6
2704,270,5641f96713664c000332c8cd,201,2017-03-16 00:00:00,True,6_270,6
2705,271,5641f96713664c000332c8cd,318,2017-03-20 00:00:00,True,6_271,6
2706,272,5641f96713664c000332c8cd,264,2017-03-20 00:00:00,True,6_272,6
2711,277,5641f96713664c000332c8cd,292,2017-03-20 16:01:33,True,6_277,6
2714,352,5641f96713664c000332c8cd,174,2017-01-02 00:00:00,False,6_352,6
2716,360,5641f96713664c000332c8cd,56,2017-03-20 00:00:00,True,6_360,6
2728,402,5641f96713664c000332c8cd,218,2017-03-20 16:01:33,True,6_402,6
2731,416,5641f96713664c000332c8cd,207,2017-03-01 00:00:00,True,6_416,6
2732,417,5641f96713664c000332c8cd,136,2017-03-20 00:00:00,True,6_417,6
2733,418,5641f96713664c000332c8cd,196,2017-03-20 16:01:33,True,6_418,6
2737,422,5641f96713664c000332c8cd,179,2017-03-20 00:00:00,True,6_422,6
2739,424,5641f96713664c000332c8cd,133,2017-03-20 16:01:33,True,6_424,6
2740,425,5641f96713664c000332c8cd,91,2017-03-19 22:18:54,False,6_425,6
2759,6,56fd2b64f41c670003f643c8,164,2017-03-17 00:00:00,True,13_6,13
2760,7,56fd2b64f41c670003f643c8,114,2017-03-20 00:00:00,True,13_7,13
2761,8,56fd2b64f41c670003f643c8,80,2017-02-20 00:00:00,False,13_8,13
2764,11,56fd2b64f41c670003f643c8,218,2017-03-20 00:00:00,True,13_11,13
2765,12,56fd2b64f41c670003f643c8,138,2017-03-17 00:00:00,True,13_12,13
2766,14,56fd2b64f41c670003f643c8,51,2017-03-10 00:00:00,True,13_14,13
2768,16,56fd2b64f41c670003f643c8,27,2017-01-30 00:00:00,True,13_16,13
2772,20,56fd2b64f41c670003f643c8,23,2017-02-13 00:00:00,True,13_20,13
2774,22,56fd2b64f41c670003f643c8,62,2017-03-16 00:00:00,True,13_22,13
2775,25,56fd2b64f41c670003f643c8,329,2017-03-20 00:00:00,True,13_25,13
2777,27,56fd2b64f41c670003f643c8,59,2017-03-10 00:00:00,True,13_27,13
2778,28,56fd2b64f41c670003f643c8,232,2017-03-20 00:00:00,True,13_28,13
2781,31,56fd2b64f41c670003f643c8,309,2017-03-20 00:00:00,True,13_31,13
2786,37,56fd2b64f41c670003f643c8,104,2017-03-20 00:00:00,True,13_37,13
2787,38,56fd2b64f41c670003f643c8,87,2017-03-17 00:00:00,True,13_38,13
2789,40,56fd2b64f41c670003f643c8,84,2017-03-19 13:33:32,True,13_40,13
2790,41,56fd2b64f41c670003f643c8,72,2017-02-17 00:00:00,True,13_41,13
2791,42,56fd2b64f41c670003f643c8,157,2017-03-18 00:00:00,True,13_42,13
2794,46,56fd2b64f41c670003f643c8,52,2017-01-18 00:00:00,True,13_46,13
2795,47,56fd2b64f41c670003f643c8,45,2017-03-18 00:00:00,True,13_47,13
2796,48,56fd2b64f41c670003f643c8,36,2017-02-02 00:00:00,True,13_48,13
2797,49,56fd2b64f41c670003f643c8,10,2017-01-27 00:00:00,True,13_49,13
2798,50,56fd2b64f41c670003f643c8,70,2017-03-17 00:00:00,True,13_50,13
2800,53,56fd2b64f41c670003f643c8,41,2017-03-17 00:00:00,True,13_53,13
2807,61,56fd2b64f41c670003f643c8,86,2017-03-20 00:00:00,True,13_61,13
2810,66,56fd2b64f41c670003f643c8,36,2017-03-06 00:00:00,True,13_66,13
2826,94,56fd2b64f41c670003f643c8,105,2017-03-20 00:00:00,True,13_94,13
2853,3,57c4aa7dbb8b5c000396fd3b,34,2017-03-06 10:04:46,True,22_3,22
2855,5,57c4aa7dbb8b5c000396fd3b,80,2017-03-19 00:00:00,True,22_5,22
2856,6,57c4aa7dbb8b5c000396fd3b,101,2017-03-17 09:32:41,True,22_6,22
2857,7,57c4aa7dbb8b5c000396fd3b,40,2017-03-09 00:00:00,True,22_7,22
2858,8,57c4aa7dbb8b5c000396fd3b,79,2017-03-20 00:00:00,True,22_8,22
2859,9,57c4aa7dbb8b5c000396fd3b,96,2017-03-16 00:00:00,True,22_9,22
2860,11,57c4aa7dbb8b5c000396fd3b,183,2017-03-20 16:53:04,True,22_11,22
2861,12,57c4aa7dbb8b5c000396fd3b,130,2017-03-20 00:00:00,True,22_12,22
2864,15,57c4aa7dbb8b5c000396fd3b,82,2017-03-17 14:58:44,True,22_15,22
2865,16,57c4aa7dbb8b5c000396fd3b,38,2017-03-10 17:59:54,True,22_16,22
2866,17,57c4aa7dbb8b5c000396fd3b,46,2017-03-17 11:00:51,True,22_17,22
2868,19,57c4aa7dbb8b5c000396fd3b,16,2017-02-13 00:00:00,True,22_19,22
2870,21,57c4aa7dbb8b5c000396fd3b,161,2017-03-20 00:00:00,True,22_21,22
2871,22,57c4aa7dbb8b5c000396fd3b,29,2017-03-14 19:18:39,True,22_22,22
2872,24,57c4aa7dbb8b5c000396fd3b,140,2017-03-20 15:30:34,True,22_24,22
2873,26,57c4aa7dbb8b5c000396fd3b,74,2017-03-20 00:00:00,True,22_26,22
2875,28,57c4aa7dbb8b5c000396fd3b,107,2017-03-20 00:00:00,True,22_28,22
2877,30,57c4aa7dbb8b5c000396fd3b,104,2017-03-20 15:30:34,True,22_30,22
2878,31,57c4aa7dbb8b5c000396fd3b,85,2017-03-20 00:00:00,True,22_31,22
2879,32,57c4aa7dbb8b5c000396fd3b,89,2017-03-16 00:00:00,True,22_32,22
2881,34,57c4aa7dbb8b5c000396fd3b,95,2017-03-17 00:00:00,True,22_34,22
2882,35,57c4aa7dbb8b5c000396fd3b,95,2017-02-28 00:00:00,True,22_35,22
2883,36,57c4aa7dbb8b5c000396fd3b,39,2017-03-20 15:30:34,True,22_36,22
2885,38,57c4aa7dbb8b5c000396fd3b,114,2017-03-20 00:00:00,True,22_38,22
2886,39,57c4aa7dbb8b5c000396fd3b,92,2017-03-20 00:00:00,True,22_39,22
2887,40,57c4aa7dbb8b5c000396fd3b,27,2017-03-20 00:00:00,True,22_40,22
2888,41,57c4aa7dbb8b5c000396fd3b,64,2017-03-20 16:53:04,True,22_41,22
2889,42,57c4aa7dbb8b5c000396fd3b,21,2017-02-14 00:00:00,True,22_42,22
2891,44,57c4aa7dbb8b5c000396fd3b,83,2017-03-17 00:00:00,True,22_44,22
2892,45,57c4aa7dbb8b5c000396fd3b,18,2017-03-13 00:00:00,True,22_45,22
2893,46,57c4aa7dbb8b5c000396fd3b,63,2017-03-20 00:00:00,True,22_46,22
2900,1,56e2a905e3b6fe0003e32855,181,2017-03-20 00:00:00,True,12_1,12
2901,2,56e2a905e3b6fe0003e32855,112,2017-03-19 00:00:00,True,12_2,12
2902,3,56e2a905e3b6fe0003e32855,250,2017-03-18 00:00:00,True,12_3,12
2903,4,56e2a905e3b6fe0003e32855,192,2017-01-30 11:33:04,True,12_4,12
2904,5,56e2a905e3b6fe0003e32855,18,2017-03-07 11:51:06,True,12_5,12
2905,6,56e2a905e3b6fe0003e32855,306,2017-03-20 10:48:28,True,12_6,12
2906,7,56e2a905e3b6fe0003e32855,163,2017-03-16 10:37:10,True,12_7,12
2907,8,56e2a905e3b6fe0003e32855,190,2017-03-20 10:48:28,True,12_8,12
2908,9,56e2a905e3b6fe0003e32855,159,2017-03-17 08:45:51,True,12_9,12
2911,12,56e2a905e3b6fe0003e32855,33,2017-03-16 00:00:00,True,12_12,12
2912,13,56e2a905e3b6fe0003e32855,277,2017-03-20 09:04:08,True,12_13,12
2913,14,56e2a905e3b6fe0003e32855,20,2017-03-08 00:00:00,True,12_14,12
2914,15,56e2a905e3b6fe0003e32855,47,2017-02-14 07:58:01,True,12_15,12
2915,16,56e2a905e3b6fe0003e32855,19,2017-03-19 00:00:00,True,12_16,12
2917,18,56e2a905e3b6fe0003e32855,135,2017-03-01 00:00:00,True,12_18,12
2922,23,56e2a905e3b6fe0003e32855,52,2017-03-20 00:00:00,True,12_23,12
2925,26,56e2a905e3b6fe0003e32855,149,2017-03-20 00:00:00,True,12_26,12
2926,27,56e2a905e3b6fe0003e32855,42,2017-03-20 00:00:00,True,12_27,12
2927,28,56e2a905e3b6fe0003e32855,70,2017-03-20 00:00:00,True,12_28,12
2929,30,56e2a905e3b6fe0003e32855,79,2017-03-20 00:00:00,True,12_30,12
2930,31,56e2a905e3b6fe0003e32855,163,2017-03-17 13:56:06,True,12_31,12
2931,32,56e2a905e3b6fe0003e32855,202,2017-03-20 00:00:00,True,12_32,12
2933,35,56e2a905e3b6fe0003e32855,18,2017-03-08 00:00:00,True,12_35,12
2934,36,56e2a905e3b6fe0003e32855,17,2017-03-20 00:00:00,True,12_36,12
2935,37,56e2a905e3b6fe0003e32855,117,2017-03-18 00:00:00,True,12_37,12
2936,38,56e2a905e3b6fe0003e32855,176,2017-03-20 14:11:53,True,12_38,12
2937,39,56e2a905e3b6fe0003e32855,278,2017-03-20 00:00:00,True,12_39,12
2939,43,56e2a905e3b6fe0003e32855,130,2017-03-20 14:11:53,True,12_43,12
2940,44,56e2a905e3b6fe0003e32855,28,2017-03-17 08:45:51,True,12_44,12
2943,47,56e2a905e3b6fe0003e32855,59,2017-03-16 00:00:00,True,12_47,12
2944,48,56e2a905e3b6fe0003e32855,22,2017-03-11 00:00:00,True,12_48,12
2948,52,56e2a905e3b6fe0003e32855,26,2017-03-20 00:00:00,True,12_52,12
2951,55,56e2a905e3b6fe0003e32855,145,2017-03-17 13:56:06,True,12_55,12
2952,56,56e2a905e3b6fe0003e32855,93,2017-03-13 00:00:00,True,12_56,12
2954,58,56e2a905e3b6fe0003e32855,20,2017-03-01 00:00:00,True,12_58,12
2969,77,56e2a905e3b6fe0003e32855,204,2017-03-20 10:48:28,True,12_77,12
2984,96,56e2a905e3b6fe0003e32855,86,2017-03-20 10:48:28,True,12_96,12
2986,98,56e2a905e3b6fe0003e32855,40,2017-03-01 00:00:00,True,12_98,12
2987,99,56e2a905e3b6fe0003e32855,13,2017-01-19 00:00:00,True,12_99,12
2989,101,56e2a905e3b6fe0003e32855,129,2017-03-20 00:00:00,True,12_101,12
2991,103,56e2a905e3b6fe0003e32855,58,2017-03-20 14:11:53,True,12_103,12
2992,104,56e2a905e3b6fe0003e32855,24,2017-03-17 11:30:14,True,12_104,12
2996,108,56e2a905e3b6fe0003e32855,13,2017-01-12 00:00:00,True,12_108,12
3025,1,57d1eb86a22c9d0003dd1f05,157,2017-03-20 01:55:22,True,23_1,23
3026,2,57d1eb86a22c9d0003dd1f05,0,2017-03-10 10:25:59,False,23_2,23
3027,2,57d1eb86a22c9d0003dd1f05,140,2017-03-11 00:00:00,False,23_2,23
3028,19,57d1eb86a22c9d0003dd1f05,84,2017-02-21 01:42:30,False,23_19,23
3029,4,57d1eb86a22c9d0003dd1f05,6,2016-12-31 00:00:00,True,23_4,23
3031,6,57d1eb86a22c9d0003dd1f05,101,2017-03-20 00:00:00,True,23_6,23
3033,8,57d1eb86a22c9d0003dd1f05,65,2017-03-14 00:00:00,True,23_8,23
3036,12,57d1eb86a22c9d0003dd1f05,62,2017-03-18 00:00:00,True,23_12,23
3037,13,57d1eb86a22c9d0003dd1f05,31,2017-03-17 05:46:18,True,23_13,23
3038,14,57d1eb86a22c9d0003dd1f05,115,2017-03-17 00:00:00,True,23_14,23
3040,16,57d1eb86a22c9d0003dd1f05,94,2017-03-20 01:55:22,True,23_16,23
3041,17,57d1eb86a22c9d0003dd1f05,99,2017-03-20 01:55:22,True,23_17,23
3042,18,57d1eb86a22c9d0003dd1f05,133,2017-03-20 00:00:00,True,23_18,23
3043,19,57d1eb86a22c9d0003dd1f05,84,2017-02-23 00:00:00,False,23_19,23
3044,20,57d1eb86a22c9d0003dd1f05,68,2017-03-16 00:00:00,True,23_20,23
3046,22,57d1eb86a22c9d0003dd1f05,40,2017-03-16 00:00:00,True,23_22,23
3047,24,57d1eb86a22c9d0003dd1f05,24,2017-03-16 00:00:00,True,23_24,23
3049,26,57d1eb86a22c9d0003dd1f05,27,2017-03-07 00:00:00,True,23_26,23
3051,28,57d1eb86a22c9d0003dd1f05,106,2017-03-20 00:28:58,True,23_28,23
3053,30,57d1eb86a22c9d0003dd1f05,23,2017-03-15 00:00:00,True,23_30,23
3055,33,57d1eb86a22c9d0003dd1f05,30,2017-03-09 03:23:18,True,23_33,23
3056,34,57d1eb86a22c9d0003dd1f05,54,2017-03-18 00:00:00,True,23_34,23
3057,35,57d1eb86a22c9d0003dd1f05,122,2017-03-20 06:37:39,True,23_35,23
3058,36,57d1eb86a22c9d0003dd1f05,76,2017-03-20 01:55:22,True,23_36,23
3059,38,57d1eb86a22c9d0003dd1f05,23,2017-03-15 00:00:00,True,23_38,23
3060,40,57d1eb86a22c9d0003dd1f05,108,2017-03-20 00:00:00,True,23_40,23
3063,43,57d1eb86a22c9d0003dd1f05,83,2017-03-20 06:37:39,True,23_43,23
3065,45,57d1eb86a22c9d0003dd1f05,38,2017-03-20 00:28:58,True,23_45,23
3066,47,57d1eb86a22c9d0003dd1f05,119,2017-03-20 00:28:58,True,23_47,23
3077,3,574c5ade56b6300003009965,223,2017-03-20 00:00:00,True,18_3,18
3079,5,574c5ade56b6300003009965,44,2017-03-03 00:00:00,True,18_5,18
3081,7,574c5ade56b6300003009965,14,2017-02-24 17:30:33,True,18_7,18
3083,9,574c5ade56b6300003009965,147,2017-03-20 07:28:27,True,18_9,18
3085,11,574c5ade56b6300003009965,22,2017-01-25 00:00:00,True,18_11,18
3086,12,574c5ade56b6300003009965,76,2017-03-20 00:00:00,True,18_12,18
3087,14,574c5ade56b6300003009965,116,2017-01-05 00:00:00,True,18_14,18
3088,16,574c5ade56b6300003009965,58,2017-03-17 00:00:00,True,18_16,18
3089,17,574c5ade56b6300003009965,77,2017-03-16 00:00:00,True,18_17,18
3091,19,574c5ade56b6300003009965,133,2017-03-20 00:00:00,True,18_19,18
3094,22,574c5ade56b6300003009965,71,2017-03-17 00:00:00,True,18_22,18
3095,23,574c5ade56b6300003009965,106,2017-03-16 07:24:51,True,18_23,18
3097,25,574c5ade56b6300003009965,20,2017-02-11 00:00:00,True,18_25,18
3098,26,574c5ade56b6300003009965,51,2017-03-16 00:00:00,True,18_26,18
3099,27,574c5ade56b6300003009965,29,2017-02-17 09:56:34,True,18_27,18
3100,28,574c5ade56b6300003009965,53,2017-03-16 18:33:37,True,18_28,18
3101,29,574c5ade56b6300003009965,55,2017-02-27 00:00:00,True,18_29,18
3102,30,574c5ade56b6300003009965,40,2017-02-02 00:00:00,True,18_30,18
3108,38,574c5ade56b6300003009965,151,2017-03-18 00:00:00,True,18_38,18
3109,39,574c5ade56b6300003009965,137,2017-03-19 00:00:00,True,18_39,18
3111,42,574c5ade56b6300003009965,92,2017-03-18 00:00:00,True,18_42,18
3114,49,574c5ade56b6300003009965,82,2017-03-20 07:36:45,True,18_49,18
3116,51,574c5ade56b6300003009965,28,2017-03-05 00:00:00,True,18_51,18
3117,52,574c5ade56b6300003009965,69,2017-02-21 00:00:00,True,18_52,18
3118,53,574c5ade56b6300003009965,28,2017-03-10 20:54:54,True,18_53,18
3119,54,574c5ade56b6300003009965,143,2017-03-17 00:00:00,True,18_54,18
3121,56,574c5ade56b6300003009965,162,2017-03-18 00:00:00,True,18_56,18
3122,57,574c5ade56b6300003009965,29,2017-02-23 00:00:00,True,18_57,18
3123,58,574c5ade56b6300003009965,104,2017-03-17 15:36:11,True,18_58,18
3124,59,574c5ade56b6300003009965,71,2017-03-01 00:00:00,True,18_59,18
3125,60,574c5ade56b6300003009965,92,2017-02-15 06:50:39,True,18_60,18
3129,66,574c5ade56b6300003009965,23,2017-01-20 14:00:14,True,18_66,18
3133,71,574c5ade56b6300003009965,70,2017-03-16 00:00:00,True,18_71,18
3134,73,574c5ade56b6300003009965,47,2017-03-16 08:44:00,True,18_73,18
3138,78,574c5ade56b6300003009965,42,2017-03-14 00:00:00,True,18_78,18
3141,81,574c5ade56b6300003009965,35,2017-03-07 00:00:00,True,18_81,18
3143,86,574c5ade56b6300003009965,151,2017-03-18 00:00:00,True,18_86,18
3150,94,574c5ade56b6300003009965,44,2017-02-10 06:09:33,True,18_94,18
3154,99,574c5ade56b6300003009965,60,2017-02-19 00:00:00,True,18_99,18
3155,100,574c5ade56b6300003009965,66,2017-03-03 00:00:00,True,18_100,18
3158,103,574c5ade56b6300003009965,244,2017-03-20 07:36:45,True,18_103,18
3159,104,574c5ade56b6300003009965,28,2017-03-18 00:00:00,True,18_104,18
3161,107,574c5ade56b6300003009965,34,2017-03-17 08:34:25,True,18_107,18
3162,109,574c5ade56b6300003009965,85,2017-03-03 00:00:00,True,18_109,18
3165,112,574c5ade56b6300003009965,144,2017-03-17 00:00:00,True,18_112,18
3170,117,574c5ade56b6300003009965,261,2017-03-20 07:36:45,True,18_117,18
3171,119,574c5ade56b6300003009965,62,2017-03-17 00:00:00,True,18_119,18
3173,121,574c5ade56b6300003009965,113,2017-03-16 08:44:00,True,18_121,18
3174,122,574c5ade56b6300003009965,127,2017-03-17 00:00:00,True,18_122,18
3175,123,574c5ade56b6300003009965,67,2017-03-18 00:00:00,True,18_123,18
3176,124,574c5ade56b6300003009965,67,2017-02-28 11:16:55,True,18_124,18
3180,128,574c5ade56b6300003009965,75,2017-02-15 00:00:00,False,18_128,18
3182,130,574c5ade56b6300003009965,201,2017-03-20 07:36:45,True,18_130,18
3183,131,574c5ade56b6300003009965,13,2017-01-20 14:00:14,True,18_131,18
3187,138,574c5ade56b6300003009965,34,2017-02-20 00:00:00,True,18_138,18
3188,140,574c5ade56b6300003009965,28,2017-03-06 00:00:00,True,18_140,18
3189,141,574c5ade56b6300003009965,70,2017-03-16 00:00:00,True,18_141,18
3193,147,574c5ade56b6300003009965,43,2017-03-16 00:00:00,True,18_147,18
3196,150,574c5ade56b6300003009965,146,2017-02-27 00:00:00,False,18_150,18
3198,153,574c5ade56b6300003009965,61,2017-03-15 07:28:42,True,18_153,18
3200,155,574c5ade56b6300003009965,33,2017-03-16 07:24:51,True,18_155,18
3202,158,574c5ade56b6300003009965,121,2017-01-10 18:35:45,True,18_158,18
3204,160,574c5ade56b6300003009965,86,2017-03-16 00:00:00,True,18_160,18
3205,161,574c5ade56b6300003009965,60,2017-03-18 00:00:00,True,18_161,18
3206,162,574c5ade56b6300003009965,57,2017-03-16 08:44:00,True,18_162,18
3207,164,574c5ade56b6300003009965,17,2016-12-28 00:00:00,True,18_164,18
3208,165,574c5ade56b6300003009965,28,2017-03-16 00:00:00,True,18_165,18
3209,166,574c5ade56b6300003009965,57,2017-03-16 00:00:00,True,18_166,18
3210,167,574c5ade56b6300003009965,58,2017-03-16 18:33:37,True,18_167,18
3212,169,574c5ade56b6300003009965,18,2017-03-17 08:34:25,True,18_169,18
3214,171,574c5ade56b6300003009965,82,2017-03-17 00:00:00,True,18_171,18
3218,176,574c5ade56b6300003009965,110,2017-03-16 00:00:00,True,18_176,18
3219,177,574c5ade56b6300003009965,91,2017-02-21 00:00:00,True,18_177,18
3222,181,574c5ade56b6300003009965,23,2017-03-15 10:46:31,True,18_181,18
3223,182,574c5ade56b6300003009965,78,2017-03-10 16:37:10,True,18_182,18
3225,187,574c5ade56b6300003009965,44,2017-02-07 11:29:19,True,18_187,18
3228,191,574c5ade56b6300003009965,11,2017-02-17 09:56:34,True,18_191,18
3230,195,574c5ade56b6300003009965,190,2017-03-20 07:36:45,True,18_195,18
3232,197,574c5ade56b6300003009965,65,2017-02-13 00:00:00,True,18_197,18
3234,201,574c5ade56b6300003009965,263,2017-03-20 07:36:45,True,18_201,18
3237,205,574c5ade56b6300003009965,268,2017-03-20 07:28:27,True,18_205,18
3239,207,574c5ade56b6300003009965,93,2017-03-20 07:36:45,True,18_207,18
3240,208,574c5ade56b6300003009965,52,2017-03-15 07:28:42,True,18_208,18
3242,210,574c5ade56b6300003009965,110,2017-03-20 00:00:00,True,18_210,18
3243,211,574c5ade56b6300003009965,127,2017-03-17 00:00:00,True,18_211,18
3251,226,574c5ade56b6300003009965,49,2017-03-10 00:00:00,True,18_226,18
3259,235,574c5ade56b6300003009965,49,2017-03-07 00:00:00,True,18_235,18
3263,244,574c5ade56b6300003009965,113,2017-03-17 00:00:00,True,18_244,18
3266,247,574c5ade56b6300003009965,53,2017-02-16 13:06:36,True,18_247,18
3268,250,574c5ade56b6300003009965,218,2017-03-18 00:00:00,True,18_250,18
3269,251,574c5ade56b6300003009965,140,2017-03-15 00:00:00,True,18_251,18
3272,258,574c5ade56b6300003009965,156,2017-03-19 00:00:00,True,18_258,18
3275,261,574c5ade56b6300003009965,35,2017-02-07 17:58:01,True,18_261,18
3276,262,574c5ade56b6300003009965,36,2017-03-16 00:00:00,True,18_262,18
3279,266,574c5ade56b6300003009965,119,2017-03-20 07:36:45,True,18_266,18
3280,267,574c5ade56b6300003009965,27,2017-03-06 10:23:39,True,18_267,18
3286,277,574c5ade56b6300003009965,141,2017-03-17 00:00:00,True,18_277,18
3287,278,574c5ade56b6300003009965,184,2017-03-15 17:32:04,True,18_278,18
3289,286,574c5ade56b6300003009965,42,2017-02-15 13:33:18,False,18_286,18
3291,288,574c5ade56b6300003009965,32,2017-03-17 06:53:42,True,18_288,18
3292,289,574c5ade56b6300003009965,109,2017-02-16 09:47:18,True,18_289,18
3293,290,574c5ade56b6300003009965,101,2017-03-17 00:00:00,True,18_290,18
3294,291,574c5ade56b6300003009965,80,2017-02-16 00:00:00,False,18_291,18
3296,293,574c5ade56b6300003009965,73,2017-03-15 10:46:31,True,18_293,18
3302,301,574c5ade56b6300003009965,17,2017-03-15 00:00:00,True,18_301,18
3306,307,574c5ade56b6300003009965,48,2017-03-16 00:00:00,True,18_307,18
3307,308,574c5ade56b6300003009965,22,2017-03-17 00:00:00,True,18_308,18
3312,315,574c5ade56b6300003009965,92,2017-03-17 00:00:00,True,18_315,18
3313,316,574c5ade56b6300003009965,92,2017-03-14 18:28:44,True,18_316,18
3314,317,574c5ade56b6300003009965,71,2017-03-16 00:00:00,True,18_317,18
3316,322,574c5ade56b6300003009965,42,2017-03-15 17:32:04,True,18_322,18
3320,328,574c5ade56b6300003009965,43,2017-03-17 18:25:27,True,18_328,18
3322,337,574c5ade56b6300003009965,23,2017-03-07 00:00:00,True,18_337,18
3324,340,574c5ade56b6300003009965,98,2017-03-20 00:00:00,True,18_340,18
3325,341,574c5ade56b6300003009965,16,2017-01-27 00:00:00,True,18_341,18
3326,342,574c5ade56b6300003009965,123,2017-03-17 00:00:00,True,18_342,18
3327,344,574c5ade56b6300003009965,47,2017-03-17 00:00:00,True,18_344,18
3328,345,574c5ade56b6300003009965,25,2017-03-08 00:00:00,True,18_345,18
3332,349,574c5ade56b6300003009965,87,2017-03-20 00:00:00,True,18_349,18
3334,351,574c5ade56b6300003009965,37,2017-03-19 00:00:00,True,18_351,18
3335,352,574c5ade56b6300003009965,89,2017-03-19 00:00:00,True,18_352,18
3336,354,574c5ade56b6300003009965,25,2017-03-14 10:51:38,True,18_354,18
3338,356,574c5ade56b6300003009965,114,2017-01-06 00:00:00,True,18_356,18
3340,359,574c5ade56b6300003009965,25,2017-03-16 00:00:00,True,18_359,18
3341,360,574c5ade56b6300003009965,187,2017-03-20 07:36:45,True,18_360,18
3342,361,574c5ade56b6300003009965,32,2017-03-13 00:00:00,True,18_361,18
3348,370,574c5ade56b6300003009965,90,2017-03-16 00:00:00,True,18_370,18
3349,371,574c5ade56b6300003009965,32,2017-03-10 00:00:00,True,18_371,18
3351,373,574c5ade56b6300003009965,120,2017-03-20 00:00:00,True,18_373,18
3353,375,574c5ade56b6300003009965,106,2017-03-16 08:44:00,True,18_375,18
3354,376,574c5ade56b6300003009965,80,2017-03-17 00:00:00,True,18_376,18
3355,379,574c5ade56b6300003009965,60,2017-01-30 00:00:00,True,18_379,18
3356,380,574c5ade56b6300003009965,51,2017-03-14 19:24:56,True,18_380,18
3358,382,574c5ade56b6300003009965,60,2017-03-17 00:00:00,True,18_382,18
3359,383,574c5ade56b6300003009965,56,2017-03-19 00:00:00,True,18_383,18
3722,3,57ac8b23be7fe30003e656d0,113,2017-03-17 00:00:00,True,20_3,20
3727,7,57ac8b23be7fe30003e656d0,30,2017-03-16 00:00:00,True,20_7,20
3730,13,57ac8b23be7fe30003e656d0,62,2017-03-17 14:55:19,True,20_13,20
3731,14,57ac8b23be7fe30003e656d0,31,2017-03-16 19:01:39,True,20_14,20
3740,29,57ac8b23be7fe30003e656d0,18,2017-03-14 18:57:55,True,20_29,20
3741,30,57ac8b23be7fe30003e656d0,19,2017-03-16 00:00:00,True,20_30,20
3742,31,57ac8b23be7fe30003e656d0,56,2017-03-05 00:00:00,True,20_31,20
3743,32,57ac8b23be7fe30003e656d0,86,2017-03-20 00:00:00,True,20_32,20
3744,33,57ac8b23be7fe30003e656d0,16,2017-03-17 00:00:00,True,20_33,20
3746,35,57ac8b23be7fe30003e656d0,70,2017-03-20 00:00:00,True,20_35,20
3749,38,57ac8b23be7fe30003e656d0,13,2017-03-17 07:11:00,True,20_38,20
3757,46,57ac8b23be7fe30003e656d0,37,2017-03-18 00:00:00,True,20_46,20
3760,53,57ac8b23be7fe30003e656d0,115,2017-03-20 00:00:00,True,20_53,20
3764,57,57ac8b23be7fe30003e656d0,35,2017-03-04 12:25:34,True,20_57,20
3766,60,57ac8b23be7fe30003e656d0,23,2017-03-20 14:18:36,True,20_60,20
3767,61,57ac8b23be7fe30003e656d0,96,2017-03-20 19:16:54,True,20_61,20
3771,66,57ac8b23be7fe30003e656d0,45,2017-03-13 19:48:23,True,20_66,20
3774,69,57ac8b23be7fe30003e656d0,54,2017-03-20 00:00:00,True,20_69,20
3776,71,57ac8b23be7fe30003e656d0,27,2017-03-03 00:00:00,True,20_71,20
3780,77,57ac8b23be7fe30003e656d0,60,2017-03-16 13:32:41,True,20_77,20
3783,82,57ac8b23be7fe30003e656d0,18,2017-03-17 13:51:55,True,20_82,20
3786,90,57ac8b23be7fe30003e656d0,24,2017-01-20 00:00:00,True,20_90,20
3790,94,57ac8b23be7fe30003e656d0,11,2017-02-22 00:00:00,True,20_94,20
3791,95,57ac8b23be7fe30003e656d0,33,2017-03-17 00:00:00,True,20_95,20
3794,99,57ac8b23be7fe30003e656d0,7,2017-02-20 00:00:00,True,20_99,20
3795,100,57ac8b23be7fe30003e656d0,22,2017-03-14 00:00:00,True,20_100,20
3797,103,57ac8b23be7fe30003e656d0,35,2017-03-20 20:20:15,True,20_103,20
3800,106,57ac8b23be7fe30003e656d0,33,2017-03-18 12:14:48,True,20_106,20
3805,112,57ac8b23be7fe30003e656d0,49,2017-03-19 00:00:00,True,20_112,20
3818,126,57ac8b23be7fe30003e656d0,27,2017-03-17 23:20:26,True,20_126,20
3820,129,57ac8b23be7fe30003e656d0,79,2017-03-20 00:00:00,True,20_129,20
3827,143,57ac8b23be7fe30003e656d0,55,2017-03-17 14:18:51,True,20_143,20
3828,144,57ac8b23be7fe30003e656d0,115,2017-03-20 00:00:00,True,20_144,20
3831,147,57ac8b23be7fe30003e656d0,84,2017-03-20 16:08:09,True,20_147,20
3832,148,57ac8b23be7fe30003e656d0,36,2017-03-15 13:27:00,True,20_148,20
3835,151,57ac8b23be7fe30003e656d0,54,2017-03-20 11:43:09,True,20_151,20
3836,152,57ac8b23be7fe30003e656d0,33,2017-03-16 16:55:47,True,20_152,20
3839,156,57ac8b23be7fe30003e656d0,19,2017-03-08 00:00:00,True,20_156,20
3840,157,57ac8b23be7fe30003e656d0,13,2017-02-21 17:07:52,True,20_157,20
3841,160,57ac8b23be7fe30003e656d0,33,2017-03-17 10:02:26,True,20_160,20
3842,161,57ac8b23be7fe30003e656d0,36,2017-03-16 13:22:14,True,20_161,20
3845,165,57ac8b23be7fe30003e656d0,35,2017-03-15 11:26:22,True,20_165,20
3853,178,57ac8b23be7fe30003e656d0,38,2017-03-19 00:00:00,True,20_178,20
3855,182,57ac8b23be7fe30003e656d0,10,2017-03-02 17:37:44,True,20_182,20
3857,184,57ac8b23be7fe30003e656d0,64,2017-03-17 00:00:00,True,20_184,20
3860,187,57ac8b23be7fe30003e656d0,24,2017-03-15 21:47:42,True,20_187,20
3863,191,57ac8b23be7fe30003e656d0,21,2017-01-13 00:00:00,True,20_191,20
3868,197,57ac8b23be7fe30003e656d0,86,2017-03-20 00:00:00,True,20_197,20
3869,200,57ac8b23be7fe30003e656d0,10,2017-02-02 20:31:05,True,20_200,20
3872,203,57ac8b23be7fe30003e656d0,101,2017-03-17 00:00:00,True,20_203,20
3878,210,57ac8b23be7fe30003e656d0,82,2017-03-18 00:00:00,True,20_210,20
3886,218,57ac8b23be7fe30003e656d0,29,2017-03-20 00:00:00,True,20_218,20
3891,223,57ac8b23be7fe30003e656d0,20,2017-03-01 00:00:00,True,20_223,20
3892,225,57ac8b23be7fe30003e656d0,85,2017-03-17 00:00:00,True,20_225,20
3894,227,57ac8b23be7fe30003e656d0,15,2017-02-10 15:40:44,True,20_227,20
3899,233,57ac8b23be7fe30003e656d0,16,2017-02-13 00:00:00,True,20_233,20
3901,235,57ac8b23be7fe30003e656d0,22,2017-03-20 19:28:01,True,20_235,20
3902,236,57ac8b23be7fe30003e656d0,39,2017-03-06 00:00:00,True,20_236,20
3904,238,57ac8b23be7fe30003e656d0,63,2017-03-09 00:00:00,True,20_238,20
3905,239,57ac8b23be7fe30003e656d0,57,2017-03-17 00:00:00,True,20_239,20
3908,242,57ac8b23be7fe30003e656d0,21,2017-03-08 21:51:27,True,20_242,20
3909,243,57ac8b23be7fe30003e656d0,13,2017-01-10 00:00:00,True,20_243,20
3912,248,57ac8b23be7fe30003e656d0,47,2017-03-03 00:00:00,True,20_248,20
3916,252,57ac8b23be7fe30003e656d0,7,2017-03-07 00:00:00,True,20_252,20
3917,253,57ac8b23be7fe30003e656d0,13,2017-02-02 00:00:00,True,20_253,20
3918,254,57ac8b23be7fe30003e656d0,86,2017-03-20 00:00:00,True,20_254,20
3922,259,57ac8b23be7fe30003e656d0,12,2017-03-16 12:14:18,True,20_259,20
3935,275,57ac8b23be7fe30003e656d0,47,2017-03-17 00:00:00,True,20_275,20
3938,281,57ac8b23be7fe30003e656d0,84,2017-03-20 00:00:00,True,20_281,20
3940,284,57ac8b23be7fe30003e656d0,12,2017-01-25 09:31:06,True,20_284,20
3945,291,57ac8b23be7fe30003e656d0,18,2017-03-17 00:00:00,True,20_291,20
3947,293,57ac8b23be7fe30003e656d0,19,2017-03-16 00:00:00,True,20_293,20
3969,325,57ac8b23be7fe30003e656d0,43,2017-03-14 01:55:56,True,20_325,20
3985,1,5742d699f839a10003a407d2,295,2017-03-20 13:11:12,True,16_1,16
3986,187,5742d699f839a10003a407d2,84,2017-03-01 06:32:59,False,16_187,16
3987,2,5742d699f839a10003a407d2,115,2017-03-06 00:00:00,True,16_2,16
3991,4,5742d699f839a10003a407d2,112,2017-03-20 00:00:00,True,16_4,16
3993,5,5742d699f839a10003a407d2,85,2017-03-15 00:00:00,True,16_5,16
3995,6,5742d699f839a10003a407d2,265,2017-03-20 00:00:00,True,16_6,16
3996,7,5742d699f839a10003a407d2,168,2017-03-20 00:00:00,True,16_7,16
3997,8,5742d699f839a10003a407d2,72,2017-03-13 00:00:00,True,16_8,16
3998,9,5742d699f839a10003a407d2,207,2017-03-20 00:00:00,True,16_9,16
3999,10,5742d699f839a10003a407d2,49,2017-03-18 00:00:00,True,16_10,16
4000,11,5742d699f839a10003a407d2,126,2017-03-20 13:11:12,True,16_11,16
4001,12,5742d699f839a10003a407d2,98,2017-02-27 00:00:00,True,16_12,16
4002,13,5742d699f839a10003a407d2,45,2017-03-12 00:00:00,True,16_13,16
4005,17,5742d699f839a10003a407d2,208,2017-03-09 00:00:00,True,16_17,16
4006,18,5742d699f839a10003a407d2,174,2017-03-20 00:00:00,True,16_18,16
4009,21,5742d699f839a10003a407d2,298,2017-03-20 00:00:00,True,16_21,16
4011,24,5742d699f839a10003a407d2,209,2017-03-20 00:00:00,True,16_24,16
4012,25,5742d699f839a10003a407d2,92,2017-03-10 00:00:00,True,16_25,16
4013,27,5742d699f839a10003a407d2,232,2017-03-20 00:00:00,True,16_27,16
4014,28,5742d699f839a10003a407d2,204,2017-03-20 00:00:00,True,16_28,16
4015,29,5742d699f839a10003a407d2,75,2017-03-20 00:00:00,True,16_29,16
4016,30,5742d699f839a10003a407d2,264,2017-03-20 13:11:12,True,16_30,16
4017,31,5742d699f839a10003a407d2,234,2017-03-20 13:11:12,True,16_31,16
4019,33,5742d699f839a10003a407d2,296,2017-03-20 13:11:12,True,16_33,16
4020,34,5742d699f839a10003a407d2,189,2017-02-21 13:17:17,True,16_34,16
4023,38,5742d699f839a10003a407d2,302,2017-03-20 13:11:12,True,16_38,16
4024,39,5742d699f839a10003a407d2,281,2017-03-20 00:00:00,True,16_39,16
4025,40,5742d699f839a10003a407d2,223,2017-03-20 00:00:00,True,16_40,16
4026,41,5742d699f839a10003a407d2,184,2017-03-20 13:11:12,True,16_41,16
4029,44,5742d699f839a10003a407d2,120,2017-03-20 00:00:00,True,16_44,16
4030,45,5742d699f839a10003a407d2,285,2017-03-20 00:00:00,True,16_45,16
4031,46,5742d699f839a10003a407d2,246,2017-03-20 00:00:00,True,16_46,16
4032,47,5742d699f839a10003a407d2,156,2017-03-20 00:00:00,True,16_47,16
4034,49,5742d699f839a10003a407d2,286,2017-03-20 00:00:00,True,16_49,16
4035,50,5742d699f839a10003a407d2,118,2017-03-19 10:47:45,True,16_50,16
4036,51,5742d699f839a10003a407d2,227,2017-03-20 00:00:00,True,16_51,16
4041,56,5742d699f839a10003a407d2,259,2017-03-20 13:11:12,True,16_56,16
4043,60,5742d699f839a10003a407d2,240,2017-03-20 00:00:00,True,16_60,16
4044,61,5742d699f839a10003a407d2,148,2017-03-20 00:00:00,True,16_61,16
4045,62,5742d699f839a10003a407d2,142,2017-03-20 10:51:52,True,16_62,16
4047,64,5742d699f839a10003a407d2,270,2017-03-20 13:11:12,True,16_64,16
4048,66,5742d699f839a10003a407d2,296,2017-03-20 00:00:00,True,16_66,16
4050,68,5742d699f839a10003a407d2,31,2017-02-17 00:00:00,True,16_68,16
4051,71,5742d699f839a10003a407d2,66,2017-01-27 00:00:00,True,16_71,16
4053,73,5742d699f839a10003a407d2,138,2017-03-11 14:50:51,True,16_73,16
4054,74,5742d699f839a10003a407d2,26,2017-03-20 00:00:00,True,16_74,16
4055,75,5742d699f839a10003a407d2,231,2017-03-20 00:00:00,True,16_75,16
4056,76,5742d699f839a10003a407d2,277,2017-03-20 10:51:52,True,16_76,16
4057,78,5742d699f839a10003a407d2,297,2017-03-20 10:51:52,True,16_78,16
4058,79,5742d699f839a10003a407d2,25,2017-02-03 15:03:10,True,16_79,16
4062,83,5742d699f839a10003a407d2,174,2017-01-23 00:00:00,True,16_83,16
4063,84,5742d699f839a10003a407d2,14,2017-02-23 09:51:01,True,16_84,16
4065,87,5742d699f839a10003a407d2,155,2017-03-20 00:00:00,True,16_87,16
4066,88,5742d699f839a10003a407d2,73,2017-03-17 00:00:00,True,16_88,16
4068,90,5742d699f839a10003a407d2,140,2017-01-04 14:23:29,True,16_90,16
4069,91,5742d699f839a10003a407d2,234,2017-03-18 00:00:00,True,16_91,16
4072,94,5742d699f839a10003a407d2,244,2017-03-20 10:51:52,True,16_94,16
4073,95,5742d699f839a10003a407d2,261,2017-03-20 00:00:00,True,16_95,16
4074,96,5742d699f839a10003a407d2,167,2017-03-18 13:49:02,True,16_96,16
4075,97,5742d699f839a10003a407d2,95,2017-03-05 00:00:00,True,16_97,16
4076,98,5742d699f839a10003a407d2,93,2017-03-16 11:16:02,True,16_98,16
4077,99,5742d699f839a10003a407d2,163,2017-01-23 08:44:50,True,16_99,16
4080,103,5742d699f839a10003a407d2,113,2017-03-17 10:14:38,True,16_103,16
4081,104,5742d699f839a10003a407d2,136,2017-03-20 13:11:12,True,16_104,16
4083,106,5742d699f839a10003a407d2,207,2017-03-20 13:11:12,True,16_106,16
4084,107,5742d699f839a10003a407d2,240,2017-03-20 00:00:00,True,16_107,16
4086,109,5742d699f839a10003a407d2,133,2017-03-20 00:00:00,True,16_109,16
4087,110,5742d699f839a10003a407d2,220,2017-03-17 08:58:14,True,16_110,16
4088,111,5742d699f839a10003a407d2,160,2017-03-20 10:51:52,True,16_111,16
4089,112,5742d699f839a10003a407d2,38,2017-03-20 00:00:00,True,16_112,16
4090,113,5742d699f839a10003a407d2,179,2017-03-18 00:00:00,True,16_113,16
4091,114,5742d699f839a10003a407d2,252,2017-03-20 10:51:52,True,16_114,16
4092,115,5742d699f839a10003a407d2,92,2017-03-20 00:00:00,True,16_115,16
4093,116,5742d699f839a10003a407d2,83,2017-03-17 00:00:00,True,16_116,16
4095,119,5742d699f839a10003a407d2,89,2017-03-20 00:00:00,True,16_119,16
4096,120,5742d699f839a10003a407d2,30,2017-02-15 00:00:00,False,16_120,16
4097,122,5742d699f839a10003a407d2,192,2017-01-26 12:04:05,True,16_122,16
4098,123,5742d699f839a10003a407d2,285,2017-03-20 13:11:12,True,16_123,16
4099,124,5742d699f839a10003a407d2,58,2017-03-15 20:39:01,True,16_124,16
4100,125,5742d699f839a10003a407d2,259,2017-03-20 10:51:52,True,16_125,16
4102,127,5742d699f839a10003a407d2,28,2017-02-09 00:00:00,True,16_127,16
4105,132,5742d699f839a10003a407d2,261,2017-03-19 10:47:45,True,16_132,16
4106,133,5742d699f839a10003a407d2,43,2017-02-16 09:04:33,False,16_133,16
4109,136,5742d699f839a10003a407d2,101,2017-03-20 00:00:00,True,16_136,16
4114,143,5742d699f839a10003a407d2,45,2017-03-12 00:00:00,True,16_143,16
4115,144,5742d699f839a10003a407d2,204,2017-03-20 00:00:00,True,16_144,16
4116,145,5742d699f839a10003a407d2,264,2017-03-20 00:00:00,True,16_145,16
4117,146,5742d699f839a10003a407d2,143,2017-03-17 00:00:00,True,16_146,16
4118,147,5742d699f839a10003a407d2,7,2016-12-30 00:00:00,True,16_147,16
4119,148,5742d699f839a10003a407d2,164,2017-03-20 13:11:12,True,16_148,16
4121,150,5742d699f839a10003a407d2,186,2017-03-20 13:11:12,True,16_150,16
4122,151,5742d699f839a10003a407d2,192,2017-03-20 00:00:00,True,16_151,16
4123,152,5742d699f839a10003a407d2,162,2017-03-20 00:00:00,True,16_152,16
4124,153,5742d699f839a10003a407d2,130,2017-03-20 13:11:12,True,16_153,16
4125,154,5742d699f839a10003a407d2,135,2017-01-02 00:00:00,True,16_154,16
4126,155,5742d699f839a10003a407d2,152,2017-03-20 10:51:52,True,16_155,16
4127,156,5742d699f839a10003a407d2,138,2017-03-20 10:51:52,True,16_156,16
4128,157,5742d699f839a10003a407d2,62,2017-03-14 10:07:15,True,16_157,16
4129,158,5742d699f839a10003a407d2,255,2017-03-20 00:00:00,True,16_158,16
4132,162,5742d699f839a10003a407d2,266,2017-03-20 10:51:52,True,16_162,16
4133,163,5742d699f839a10003a407d2,171,2017-03-19 10:47:45,True,16_163,16
4134,164,5742d699f839a10003a407d2,60,2017-03-17 00:00:00,True,16_164,16
4137,169,5742d699f839a10003a407d2,139,2017-01-17 00:00:00,True,16_169,16
4139,173,5742d699f839a10003a407d2,123,2017-03-20 00:00:00,True,16_173,16
4140,174,5742d699f839a10003a407d2,60,2017-01-08 00:00:00,True,16_174,16
4145,180,5742d699f839a10003a407d2,46,2017-03-16 12:53:41,True,16_180,16
4146,181,5742d699f839a10003a407d2,133,2017-03-19 10:47:45,True,16_181,16
4147,182,5742d699f839a10003a407d2,159,2017-03-20 00:00:00,True,16_182,16
4150,187,5742d699f839a10003a407d2,84,2017-03-01 00:00:00,False,16_187,16
4151,188,5742d699f839a10003a407d2,103,2017-03-20 00:00:00,True,16_188,16
4152,189,5742d699f839a10003a407d2,171,2017-03-19 10:47:45,True,16_189,16
4155,192,5742d699f839a10003a407d2,209,2017-03-20 13:11:12,True,16_192,16
4156,194,5742d699f839a10003a407d2,165,2017-03-20 13:11:12,True,16_194,16
4160,199,5742d699f839a10003a407d2,188,2017-03-20 10:51:52,True,16_199,16
4164,205,5742d699f839a10003a407d2,115,2017-03-17 00:00:00,True,16_205,16
4165,207,5742d699f839a10003a407d2,150,2017-03-19 00:00:00,True,16_207,16
4167,212,5742d699f839a10003a407d2,123,2017-03-20 10:51:52,True,16_212,16
4168,213,5742d699f839a10003a407d2,67,2017-03-17 17:07:56,True,16_213,16
4181,256,57d956302a040a00036a8905,44,2017-02-15 00:00:00,True,24_256,24
4184,260,57d956302a040a00036a8905,57,2017-03-19 00:00:00,True,24_260,24
4186,6,57d956302a040a00036a8905,47,2017-02-07 00:00:00,True,24_6,24
4194,269,57d956302a040a00036a8905,17,2017-02-20 00:00:00,True,24_269,24
4199,16,57d956302a040a00036a8905,18,2017-01-15 15:25:03,True,24_16,24
4205,24,57d956302a040a00036a8905,14,2017-02-20 00:00:00,True,24_24,24
4208,284,57d956302a040a00036a8905,49,2017-03-12 16:03:39,True,24_284,24
4210,29,57d956302a040a00036a8905,49,2017-01-19 00:00:00,True,24_29,24
4218,33,57d956302a040a00036a8905,21,2017-03-20 00:00:00,True,24_33,24
4219,290,57d956302a040a00036a8905,32,2017-01-19 17:31:22,True,24_290,24
4229,41,57d956302a040a00036a8905,53,2017-01-31 00:00:00,True,24_41,24
4230,297,57d956302a040a00036a8905,20,2017-01-13 08:24:28,True,24_297,24
4231,43,57d956302a040a00036a8905,155,2017-03-20 00:00:00,True,24_43,24
4236,52,57d956302a040a00036a8905,66,2017-01-17 00:00:00,True,24_52,24
4241,59,57d956302a040a00036a8905,73,2017-03-14 00:00:00,True,24_59,24
4243,62,57d956302a040a00036a8905,55,2017-02-05 00:00:00,True,24_62,24
4245,64,57d956302a040a00036a8905,20,2017-02-22 00:00:00,True,24_64,24
4247,66,57d956302a040a00036a8905,43,2017-03-20 00:00:00,True,24_66,24
4258,82,57d956302a040a00036a8905,10,2017-03-03 00:00:00,True,24_82,24
4263,90,57d956302a040a00036a8905,90,2017-02-10 00:00:00,True,24_90,24
4265,93,57d956302a040a00036a8905,54,2017-03-15 00:00:00,True,24_93,24
4268,101,57d956302a040a00036a8905,22,2017-03-16 20:00:50,True,24_101,24
4269,105,57d956302a040a00036a8905,39,2017-01-16 00:00:00,True,24_105,24
4273,114,57d956302a040a00036a8905,29,2017-01-13 00:00:00,True,24_114,24
4274,116,57d956302a040a00036a8905,30,2017-03-16 11:17:02,True,24_116,24
4279,121,57d956302a040a00036a8905,72,2017-02-28 00:00:00,True,24_121,24
4281,125,57d956302a040a00036a8905,60,2017-03-19 17:47:55,True,24_125,24
4282,126,57d956302a040a00036a8905,34,2017-01-19 00:00:00,True,24_126,24
4284,128,57d956302a040a00036a8905,48,2017-03-13 00:00:00,True,24_128,24
4286,130,57d956302a040a00036a8905,50,2017-03-14 00:00:00,True,24_130,24
4287,133,57d956302a040a00036a8905,24,2017-03-16 00:00:00,True,24_133,24
4293,144,57d956302a040a00036a8905,109,2017-03-19 00:00:00,True,24_144,24
4298,151,57d956302a040a00036a8905,25,2017-02-22 00:00:00,True,24_151,24
4299,152,57d956302a040a00036a8905,87,2017-03-20 00:00:00,True,24_152,24
4300,154,57d956302a040a00036a8905,60,2017-02-16 00:00:00,True,24_154,24
4301,161,57d956302a040a00036a8905,11,2016-12-27 00:00:00,True,24_161,24
4302,164,57d956302a040a00036a8905,97,2017-03-19 00:00:00,True,24_164,24
4304,170,57d956302a040a00036a8905,80,2017-02-26 00:00:00,True,24_170,24
4306,172,57d956302a040a00036a8905,62,2017-02-06 00:00:00,True,24_172,24
4309,180,57d956302a040a00036a8905,68,2017-02-04 00:00:00,True,24_180,24
4312,185,57d956302a040a00036a8905,90,2017-03-15 00:00:00,True,24_185,24
4315,189,57d956302a040a00036a8905,143,2017-03-19 00:00:00,True,24_189,24
4316,190,57d956302a040a00036a8905,102,2017-03-19 00:00:00,True,24_190,24
4317,191,57d956302a040a00036a8905,126,2017-03-20 00:00:00,True,24_191,24
4319,194,57d956302a040a00036a8905,13,2017-01-16 00:00:00,True,24_194,24
4321,202,57d956302a040a00036a8905,52,2017-03-04 00:00:00,True,24_202,24
4324,206,57d956302a040a00036a8905,13,2017-02-20 00:00:00,True,24_206,24
4326,211,57d956302a040a00036a8905,31,2017-03-10 12:00:59,True,24_211,24
4327,219,57d956302a040a00036a8905,100,2017-03-20 00:00:00,True,24_219,24
4328,220,57d956302a040a00036a8905,15,2017-02-22 07:19:25,True,24_220,24
4329,221,57d956302a040a00036a8905,88,2017-03-01 00:00:00,True,24_221,24
4333,228,57d956302a040a00036a8905,32,2017-02-22 00:00:00,True,24_228,24
4338,237,57d956302a040a00036a8905,68,2017-03-06 00:00:00,True,24_237,24
4345,244,57d956302a040a00036a8905,50,2017-03-19 00:00:00,True,24_244,24
4349,250,57d956302a040a00036a8905,112,2017-03-19 17:47:55,True,24_250,24
4350,251,57d956302a040a00036a8905,50,2017-02-07 00:00:00,True,24_251,24
4363,3,5809cde3ff2ea40003fda452,23,2017-03-16 00:00:00,True,30_3,30
4366,6,5809cde3ff2ea40003fda452,21,2017-02-20 18:22:17,True,30_6,30
4367,7,5809cde3ff2ea40003fda452,32,2017-03-16 17:26:42,True,30_7,30
4371,11,5809cde3ff2ea40003fda452,60,2017-03-15 16:06:31,True,30_11,30
4372,12,5809cde3ff2ea40003fda452,29,2017-03-16 12:29:29,True,30_12,30
4375,15,5809cde3ff2ea40003fda452,35,2017-03-20 16:01:24,True,30_15,30
4376,16,5809cde3ff2ea40003fda452,31,2017-03-14 00:00:00,True,30_16,30
4379,19,5809cde3ff2ea40003fda452,46,2017-03-15 00:00:00,True,30_19,30
4380,20,5809cde3ff2ea40003fda452,77,2017-03-15 00:00:00,True,30_20,30
4382,22,5809cde3ff2ea40003fda452,70,2017-03-17 21:47:17,True,30_22,30
4383,23,5809cde3ff2ea40003fda452,31,2017-03-08 16:31:34,True,30_23,30
4385,25,5809cde3ff2ea40003fda452,62,2017-03-20 16:01:24,True,30_25,30
4386,26,5809cde3ff2ea40003fda452,70,2017-03-20 15:07:17,True,30_26,30
4391,31,5809cde3ff2ea40003fda452,23,2017-03-14 00:00:00,True,30_31,30
4392,32,5809cde3ff2ea40003fda452,56,2017-03-16 16:47:09,True,30_32,30
4394,34,5809cde3ff2ea40003fda452,38,2017-03-16 16:00:56,True,30_34,30
4395,35,5809cde3ff2ea40003fda452,40,2017-03-20 17:31:09,True,30_35,30
4396,36,5809cde3ff2ea40003fda452,48,2017-03-20 15:49:45,True,30_36,30
4397,37,5809cde3ff2ea40003fda452,31,2017-03-10 12:40:00,True,30_37,30
4399,40,5809cde3ff2ea40003fda452,10,2017-02-21 14:24:50,True,30_40,30
4402,43,5809cde3ff2ea40003fda452,48,2017-03-20 16:01:07,True,30_43,30
4403,45,5809cde3ff2ea40003fda452,48,2017-03-15 18:08:04,True,30_45,30
